Domain ascore,Domain,Backlinks,IP Address,Country,First seen,Last seen
5,atomizelink.icu,2,195.20.19.178,md,2026-05-12,2026-05-26
2,bazerdaily.com,2,172.67.177.62,,2026-06-26,2026-07-13
5,blogsphere.top,2,195.20.19.178,md,2026-04-07,2026-06-10
2,cindylaup.com,2,172.67.221.20,,2026-06-27,2026-07-07
5,dailymusings.top,2,195.20.19.178,md,2026-02-06,2026-06-25
2,digitalseotool.com,2,104.21.88.15,,2026-06-28,2026-07-15
6,drjack.world,2,195.20.19.178,md,2026-01-25,2026-07-17
11,jake.eu,2,195.20.19.178,md,2026-01-19,2026-07-13
5,optimizeflow.top,2,195.20.19.178,md,2026-02-01,2026-02-11
5,urls-shortener.eu,2,195.20.19.178,md,2026-01-26,2026-06-11
5,websites.freemyip.com,2,195.20.19.178,md,2026-02-02,2026-07-12
5,backlinks-checker.com,1,195.20.19.178,md,2026-04-21,2026-04-21
0,backlinksplace.site,1,13.140.137.15,fr,2026-07-17,2026-07-17
52,baodongnai.com.vn,1,45.121.163.92,vn,2026-07-14,2026-07-14
5,buzzshrink.website,1,195.20.19.178,md,2026-07-12,2026-07-12
24,bye.fyi,1,195.20.19.178,md,2026-05-18,2026-05-18
5,creativeposts.top,1,195.20.19.178,md,2026-03-14,2026-03-14
2,daechul.co.com,1,104.21.0.141,,2026-07-14,2026-07-14
6,domaindexer.com,1,172.67.163.179,,2025-12-15,2026-05-27
3,fiverr-seo-for-business-growth.site,1,104.21.12.116,,2026-05-03,2026-07-17
2,ggmap.us.com,1,104.21.93.158,,2026-07-12,2026-07-12
4,goooogla.com,1,203.161.54.114,us,2026-04-06,2026-07-14
2,hostprinter.com,1,104.21.2.58,,2026-07-02,2026-07-11
25,icdvietnam.com.vn,1,103.149.28.86,vn,2026-07-16,2026-07-16
6,quero.party,1,195.20.19.178,md,2026-01-09,2026-01-09
3,ready.pro,1,118.139.177.45,sg,2026-05-29,2026-06-10
5,screenshots.wiki,1,195.20.19.178,md,2026-01-31,2026-01-31
5,shortenurls.eu,1,195.20.19.178,md,2026-07-13,2026-07-13
2,thenewleaders.asia,1,145.79.26.63,my,2026-07-15,2026-07-15
