Nhom,Tu khoa,Trang anh xa,Ghi chu
1. Dinh nghia / khai niem,book báo là gì,P1 (booking-bao-la-gi),
1. Dinh nghia / khai niem,book bài là gì,P1 (booking-bao-la-gi),
1. Dinh nghia / khai niem,web book là gì,P1 (booking-bao-la-gi),
1. Dinh nghia / khai niem,book báo chí,P1 (booking-bao-la-gi),
1. Dinh nghia / khai niem,book báo,P1 (booking-bao-la-gi),Tu khoa hat giong chinh cua ca cum
1. Dinh nghia / khai niem,book bao,P1 (booking-bao-la-gi),Bien the khong dau cua "book báo"
1. Dinh nghia / khai niem,book baos,P1 (booking-bao-la-gi),Bien the so nhieu/go nham
2. Gia / chi phi chung,giá book báo,C2 (bao-gia-dang-bai-pr-theo-dau-bao) / M2 (bang-gia),
2. Gia / chi phi chung,book báo bao nhiêu tiền,C2 / M2,
2. Gia / chi phi chung,chi phí book báo,C2 / M2,
2. Gia / chi phi chung,bảng giá book báo,C2 / M2,
2. Gia / chi phi chung,book bài báo,C2 / M2,
2. Gia / chi phi chung,giá book bài báo,C2 / M2,
2. Gia / chi phi chung,chi phí book bài báo,C2 / M2,
3. Dich vu / Agency,dịch vụ book báo,M1 (trang dich vu booking-bao-pr) / C3 (agency),
3. Dich vu / Agency,agency book báo,C3 (agency-booking-bao-chi),
3. Dich vu / Agency,dịch vụ book báo pr,M1 / C3,
3. Dich vu / Agency,book báo online,M1 / C3,
3. Dich vu / Agency,book báo điện tử,M1 / C3,
3. Dich vu / Agency,book báo đăng bài,M1 / C3,
3. Dich vu / Agency,book báo viết bài,M1 / C3,
3. Dich vu / Agency,book bài đăng báo,M1 / C3,
3. Dich vu / Agency,book viết báo,M1 / C3,
3. Dich vu / Agency,book báo pr,M1 / C3,
3. Dich vu / Agency,book bao pr,M1 / C3,Bien the khong dau
3. Dich vu / Agency,giá book báo pr,M1 / C3,
3. Dich vu / Agency,pr booking báo chí,M1 / C3,
4. Quoc te,book báo nước ngoài,C4 (booking-bao-quoc-te),
4. Quoc te,book báo quốc tế,C4 (booking-bao-quoc-te),
5. Theo dau bao - VnExpress,giá book báo vnexpress,R1 (book-bao-vnexpress),
5. Theo dau bao - VnExpress,chi phí book báo vnexpress,R1 (book-bao-vnexpress),
5. Theo dau bao - VnExpress,giá book bài báo vnexpress,R1 (book-bao-vnexpress),
5. Theo dau bao - Thanh Nien,giá book báo thanh niên,R2 (book-bao-thanh-nien),
5. Theo dau bao - Thanh Nien,giá book bài báo thanh niên,R2 (book-bao-thanh-nien),
5. Theo dau bao - Tuoi Tre,giá book báo tuổi trẻ,R3 (book-bao-tuoi-tre),
5. Theo dau bao - Tuoi Tre,book báo tuổi trẻ,R3 (book-bao-tuoi-tre),
5. Theo dau bao - Dan Tri,giá book báo dân trí,R4 (book-bao-dan-tri),
5. Theo dau bao - Dan Tri,book báo dân trí,R4 (book-bao-dan-tri),
5. Theo dau bao - Dan Tri,book bài báo dân trí,R4 (book-bao-dan-tri),
5. Theo dau bao - Kenh14,giá book báo kenh14,R6 (book-bao-kenh14),
5. Theo dau bao - Kenh14,book báo kenh14,R6 (book-bao-kenh14),
5. Theo dau bao - Kenh14,book báo kênh 14,R6 (book-bao-kenh14),
5. Theo dau bao - CafeF,book báo cafef,R7 (book-bao-cafef),
5. Theo dau bao - VietNamNet,book báo vietnamnet,R15 (book-bao-vietnamnet),
6. GAP - chua co bai,giá book báo tiền phong,KHONG CO TRANG,"Co search demand nhung 15 dau bao hien tai (R1-R15) KHONG co Tien Phong - can Hieu quyet co lam R16 khong"
7. Loai bo - nhieu tu autocomplete,(154 tu khoa con lai),KHONG DUA VAO SHEET,"Scan Google Suggest ghep tung chu cai a-z + 0-9 vao sau ""book""/""báo"" nen ra toan tu khong lien quan: ebook/obook/ubook/ybook, o to bao loi chia khoa, am bao thuc iphone, dia chi doi thu (thai ha book), v.v. Da loai khoi file nay, khong co gia tri cho cum booking bao & PR"
