"GP tồn tại theo domain (link cam kết tối thiểu 2 năm) Stt","Site","Giá bán","Quy cách bài đăng","","","","","","","","","","","","","","","","","","","","","",""
"1","hcmtoplist.com","1.000.000","1000 từ, 3-5 ảnh, 2 link nof","","","","","","","","","","","","","","","","","","","","","",""
"2","hanoitoplist.com","1.000.000","1000 từ, 3-5 ảnh, 2 link nof","","","","","","","","","","","","","","","","","","","","","",""
"3","top10danang.com","1.000.000","1000 từ, 3-5 ảnh, 2 link nof","","","","","","","","","","","","","","","","","","","","","",""
"4","chonthuonghieu.com","1.000.000","1000 từ, 3-5 ảnh, 2 link nof","","","","","","","","","","","","","","","","","","","","","",""
"5","danhgiasao.com","1.000.000","1000 từ, 3-5 ảnh, 2 link nof","","","","","","","","","","","","","","","","","","","","","",""
"6","https://angiangtoplist.com/","1.000.000","1000 từ, 3-5 ảnh, 2 link nof","","","","","","","","","","","","","","","","","","","","","",""
"7","https://bentretoplist.com/","1.000.000","1000 từ, 3-5 ảnh, 2 link nof","","","","","","","","","","","","","","","","","","","","","",""
"8","https://ngheantoplist.net/","1.000.000","1000 từ, 3-5 ảnh, 2 link nof","","","","","","","","","","","","","","","","","","","","","",""
"9","https://phuthotoplist.com/","1.000.000","1000 từ, 3-5 ảnh, 2 link nof","","","","","","","","","","","","","","","","","","","","","",""
"10","https://thanhhoatoplist.com/","1.000.000","1000 từ, 3-5 ảnh, 2 link nof","","","","","","","","","","","","","","","","","","","","","",""
"11","https://quangnamtoplist.com/","1.000.000","1000 từ, 3-5 ảnh, 2 link nof","","","","","","","","","","","","","","","","","","","","","",""
"12","https://thaibinhtoplist.com/","1.000.000","1000 từ, 3-5 ảnh, 2 link nof","","","","","","","","","","","","","","","","","","","","","",""
"13","https://binhduongtoplist.com/","1.000.000","1000 từ, 3-5 ảnh, 2 link nof","","","","","","","","","","","","","","","","","","","","","",""
"14","https://quangbinhtoplist.com/","1.000.000","1000 từ, 3-5 ảnh, 2 link nof","","","","","","","","","","","","","","","","","","","","","",""
"15","https://dongnaitoplist.com/","1.000.000","1000 từ, 3-5 ảnh, 2 link nof","","","","","","","","","","","","","","","","","","","","","",""
"16","thanhpho.danang.vn","1.000.000","1000 từ, 3-5 ảnh, 2 link nof","","","","","","","","","","","","","","","","","","","","","",""
"17","https://huetoplist.vn/","1.000.000","1000 từ, 3-5 ảnh, 2 link nof","","","","","","","","","","","","","","","","","","","","","",""
"18","https://binhdinhtoplist.com/","1.000.000","1000 từ, 3-5 ảnh, 2 link nof","","","","","","","","","","","","","","","","","","","","","",""
"19","https://haiphongtoplist.com/","1.000.000","1000 từ, 3-5 ảnh, 2 link nof","","","","","","","","","","","","","","","","","","","","","",""
"20","https://bacninhtoplist.com/","1.000.000","1000 từ, 3-5 ảnh, 2 link nof","","","","","","","","","","","","","","","","","","","","","",""
"21","https://quangninhtoplist.com/","1.000.000","1000 từ, 3-5 ảnh, 2 link nof","","","","","","","","","","","","","","","","","","","","","",""
"22","https://hatinhtoplist.com/","1.000.000","1000 từ, 3-5 ảnh, 2 link nof","","","","","","","","","","","","","","","","","","","","","",""
"23","https://tiengiangtoplist.vn/","1.000.000","1000 từ, 3-5 ảnh, 2 link nof","","","","","","","","","","","","","","","","","","","","","",""
"24","https://lamdongtoplist.com/","1.000.000","1000 từ, 3-5 ảnh, 2 link nof","","","","","","","","","","","","","","","","","","","","","",""
"25","https://ninhbinhtoplist.com/","1.000.000","1000 từ, 3-5 ảnh, 2 link nof","","","","","","","","","","","","","","","","","","","","","",""
"26","https://vinhlongtoplist.com/","1.000.000","1000 từ, 3-5 ảnh, 2 link nof","","","","","","","","","","","","","","","","","","","","","",""
"27","https://haiduongtoplist.com/","1.000.000","1000 từ, 3-5 ảnh, 2 link nof","","","","","","","","","","","","","","","","","","","","","",""
"28","https://dongthaptoplist.com/","1.000.000","1000 từ, 3-5 ảnh, 2 link nof","","","","","","","","","","","","","","","","","","","","","",""
"29","https://hungyentoplist.com/","1.000.000","1000 từ, 3-5 ảnh, 2 link nof","","","","","","","","","","","","","","","","","","","","","",""
"31","thucanh.vn","1.000.000","1000 từ, 3-5 ảnh, 2 link nof","","","","","","","","","","","","","","","","","","","","","",""
"30","powersteam.vn","1.200.000","1000 từ, 3-5 ảnh, 2 link nof","","","","","","","","","","","","","","","","","","","","","",""
"32","topaz.vn","1.200.000","1000 từ, 3-5 ảnh, 2 link nof","","","","","","","","","","","","","","","","","","","","","",""
"33","hanoireview.vn","1.200.000","1000 từ, 3-5 ảnh, 2 link dof","","","","","","","","","","","","","","","","","","","","","",""
"34","saigonreview.vn","1.200.000","1000 từ, 3-5 ảnh, 2 link dof","","","","","","","","","","","","","","","","","","","","","",""
"35","quynhonreview.vn","1.200.000","1000 từ, 3-5 ảnh, 2 link dof","","","","","","","","","","","","","","","","","","","","","",""
"36","hellodanang.vn","1.200.000","1000 từ, 3-5 ảnh, 2 link dof","","","","","","","","","","","","","","","","","","","","","",""
"37","binhduongreview.vn","1.200.000","1000 từ, 3-5 ảnh, 2 link dof","","","","","","","","","","","","","","","","","","","","","",""
"38","wikithammy.com","1.200.000","1000 từ, 3-5 ảnh, 2 link nof","","","","","","","","","","","","","","","","","","","","","",""
"39","https://vietnamtourism.gov.vn/","10.000.000","1000 từ, 3-5 ảnh, 2 link nof","","","","","","","","","","","","","","","","","","","","","",""
"40","https://vietnam.travel/","25.000.000","1000 từ, 3-5 ảnh, 2 link nof","","","","","","","","","","","","","","","","","","","","","",""
"41","https://kichcaudulichtphcm.vn/","800.000","1000 từ, 3-5 ảnh, 2 link nof","","","","","","","","","","","","","","","","","","","","","",""
"42","https://bariavungtautourism.com.vn/","800.000","1000 từ, 3-5 ảnh, 2 link nof","","","","","","","","","","","","","","","","","","","","","",""
"43","https://duonggiahotel.vn","800.000","1000 từ, 3-5 ảnh, 2 link nof","","","","","","","","","","","","","","","","","","","","","",""
"44","https://dulichhatinh.com.vn/","800.000","1000 từ, 3-5 ảnh, 2 link nof","","","","","","","","","","","","","","","","","","","","","",""
"45","https://dulichsontra.com/","800.000","1000 từ, 3-5 ảnh, 2 link nof","","","","","","","","","","","","","","","","","","","","","",""
"46","http://qta.org.vn/","800.000","1000 từ, 3-5 ảnh, 2 link nof","","","","","","","","","","","","","","","","","","","","","",""
"47","https://nhahangbachkim.com/","500.000","1000 từ, 3-5 ảnh, 2 link nof","","","","","","","","","","","","","","","","","","","","","",""
"48","https://arcencielhotel.com.vn/","500.000","1000 từ, 3-5 ảnh, 2 link nof","","","","","","","","","","","","","","","","","","","","","",""
"49","https://hotelnikkohanoi.com.vn/","500.000","1000 từ, 3-5 ảnh, 2 link nof","","","","","","","","","","","","","","","","","","","","","",""
"50","https://suoiluong.com.vn","500.000","1000 từ, 3-5 ảnh, 2 link nof","","","","","","","","","","","","","","","","","","","","","",""
"51","http://bietdienhotel.com.vn/","500.000","1000 từ, 3-5 ảnh, 2 link nof","","","","","","","","","","","","","","","","","","","","","",""
"52","https://chuabaidinhninhbinh.vn/","800.000","1000 từ, 3-5 ảnh, 2 link nof","","","","","","","","","","","","","","","","","","","","","",""