"CÔNG TY TNHH CÔNG NGHỆ VÀ TRUYỀN THÔNG DANASEO MST: 0402001765 | STK 1105275555 - Vietcombank Đà Nẵng Email: contact@danaseo.net - Hotline: 0935 366 228 Stt","Tên báo","GIÁ BAO CONTENT","Link ","Note","Số liệu theo Ahrefs 24/12/2023 DR","RD","Ref GOV","Ref EDU","Total Backlinks","Total Keywords","Total Traffic","Vị trí đăng",""
"1","Phapluat.suckhoedoisong.vn","2.700.000 đ","1 Link Dof","Mua thêm link 300k ","83","1.285","9","17","488.791","27.108","23.461","Mục phù hợp",""
"2","https://wiki.batdongsan.com.vn/","5.200.000 đ","2 Link Nof","","78","10.664","16","113","39.603.354","178.403","2.212.251","Mục phù hợp",""
"3","thuonghieucongluan.com.vn","2.300.000 đ","1000 từ 3 ảnh 1 link dof","Mua thêm link 550k ","","","","","","","","Mục phù hợp",""
"4","Suckhoephapluat.nguoiduatin.vn","1.750.000 đ","2 Link Dofollow","","78","260","0","1","739","889","94","Mục phù hợp",""
"5","Thesaigontimes.vn","4.650.000 đ","3 link Do","dưới 450 từ + 1 ảnh","75","7.393","80","175","891.337","105.935","26.741","TTDN",""
"6","Diendandoanhnghiep.vn","2.700.000 đ","2 Link Dofollow","700 từ + 3 ảnh","74","6.656","133","146","972.965","99.996","45.299","Mục phù hợp",""
"7","Vietq.vn","2.450.000 đ","2 Link Dofollow","","71","6.989","143","133","307.649","40.599","7.034","Mục phù hợp",""
"8","Nhipcaudautu.vn","11.500.000 đ","1 Link Dof(thêm link 500k)","300 từ 1 ảnh bài event","72","3.794","34","91","270.518","19.556","63.438","SKDN",""
"9","tuyensinhhuongnghiep.vn","1.650.000 đ","2 Link Dofollow","1000 từ 3 ảnh 2 link dof","71","6.503","78","106","369.250","35.591","12.890","Mục phù hợp",""
"10","Petrotimes.vn","2.400.000 đ","1 link Doffollow (thêm link 200k)","","71","20.246","64","105","886.362","68.510","28.671","Mục phù hợp",""
"12","nghean24h.vn","2.500.000 đ","2 Link Dofollow","1000 từ 3 ảnh 2 link dof","57","2.714","9","30","3.725.480","3.138","398","Mục phù hợp",""
"13","Vnreview.vn","2.300.000 đ","2 link Dofollow","","69","6.226","23","109","611.721","111.144","45.923","Mục phù hợp",""
"14","Doanhnghiepvn.vn","3.150.000 đ","1 Link Dof(thêm link 300k)","","69","7.348","69","75","257.789","20.271","4.500","Bài đi lấy link",""
"15","Nguoidothi.net.vn","3.100.000 đ","2 Link Dofollow","500 từ 3 ảnh 2 link dof","64","2.771","21","51","110.864","49.957","11.422","Mục phù hợp",""
"17","Phunuvagiadinh.vn","1.650.000 đ","2 link Dofollow","1000 từ 3 ảnh 2 link dof","60","5.005","24","45","141.777","44.940","8.384","Bài đi lấy link",""
"18","thanhnienviet.vn","2.000.000","2 link Dofollow","1500 từ 5 ảnh 2 link dof","61","3.527","17","673","647.138","39.656","10.252","Mục phù hợp",""
"19","Giadinhvaphapluat.vn","1.650.000 đ","2 Link Dofollow","1000 từ 3 ảnh 2 link dof","57","3.115","27","46","1.755.940","2.546","512","phapluatkinhdoanh",""
"20","Phunusuckhoe.giadinhonline.vn","1.800.000 đ","1 link Doffollow","1000 từ 3 ảnh 2 link dof","56","566","0","3","362.346","8.639","78","Mục phù hợp",""
"21","Doisongvietnam.vn","1.900.000 đ","2 Link Dofollow","1000 từ 3 ảnh 2 link dof","54","7.039","35","46","260.612","12.038","1.362","Mục phù hợp",""
"22","suckhoeviet.org.vn","2.500.000 đ","2 Link Dofollow","1001 từ 3 ảnh 2 link dof","53","5.122","20","44","176.896","0","0","Mục phù hợp",""
"23","Vanhoavaphattrien.vn","2.100.000 đ","2 Link Dofollow","1000 từ 3 ảnh 2 link dof","56","2.140","22","49","51.152","24.836","7.086","Mục phù hợp",""
"24","Hoinhap.vanhoavaphattrien.vn","1.700.000 đ","2 Link Dofollow","1000 từ 3 ảnh 2 link dof","56","1.034","12","18","12.439","280","36","Mục phù hợp",""
"25","Golfviet.vn","2.100.000 đ","2 Link Dofollow","1000 từ 3 ảnh 2 link dof","49","1.313","5","16","31.104","3.501","1.454","Mục phù hợp",""
"26","Xahoi.com.vn","2.250.000 đ","2 Link Dofollow","1001 từ 3 ảnh 2 link dof","58","2.695","15","18","3.499.627","5.689","755","Mục phù hợp",""
"27","Daklak24h.com.vn","1.100.000 đ","2 link Doffollow (thêm link 200k)","1000 từ 3 ảnh 2 link dof","50","3.111","16","42","117.019","2.617","3.673","Mục phù hợp",""
"28","Phunuhiendai.vn","1200.000 đ","2 Link Dofollow","1000 từ 3 ảnh 2 link dof","57","659","7","16","136.866","429","155","Mục phù hợp",""
"29","Suckhoecongdongonline.vn","2.700.000 đ","1 link Dof(thêm link 500k)","1000 từ 3 ảnh 2 link dof","46","1.655","9","43","32.580","25.636","5.610","Mục phù hợp",""
"30","Phapluatvacuocsong.vn","1.400.000 đ","2 Link Dofollow","1001 từ 3 ảnh 2 link dof","45","1.283","7","24","3.222.589","2.228","106","Mục phù hợp",""
"31","Cafedautu.vn","1.700.000 đ","2 Link Dofollow","1000 từ 3 ảnh 2 link dof","44","614","2","5","40.135","808","18","Mục phù hợp",""
"32","Songdep.com.vn","2.100.000 đ","2 Link Dofollow","1000 từ 3 ảnh 2 link dof","35","1.449","1","12","28.187","6.377","2.209","Mục phù hợp",""
"33","Vnfinance.vn","2.100.000 đ","2 Link Dofollow","1000 từ 3 ảnh 2 link dof","36","879","2","4","43.525","3.038","606","Mục phù hợp",""
"34","Bau.vn","1.700.000 đ","2 link Doffollow","1001 từ 3 ảnh 2 link dof","41","912","1","14","17.379","12.768","906","Mục phù hợp",""
"36","khoahoccuocsong.com","900.000 đ","2 link Dofollow","1000 từ 3 ảnh 2 link dof","9","46","0","2","148","0","0","Mục phù hợp",""
"37","Hanghoathuonghieu.vn","1.000.000 đ","2 link Doffollow","1000 từ 3 ảnh 2 link dof","26","1.158","7","19","121.506","143","15","Mục phù hợp",""
"38","Home.vn","1.500.000 đ","2 Link Dofollow","1000 từ 3 ảnh 2 link dof","35","1.233","3","19","153.332","40.344","39.904","Mục phù hợp",""
"39","Tieudungtiepthi.vn","1.000.000 đ","2 Link Dofollow","1000 từ 3 ảnh 2 link dof","27","122","1","0","1.698.067","10","0","Mục phù hợp",""
"40","kinhtethoidai.net","1.100.000 đ","2 link Dofollow","1000 từ 3 ảnh 2 link dof","6","45","0","0","233","5","0","Mục phù hợp",""
"43","Thitruongbiz.vn","2.100.000 đ","2 Link Dofollow","1000 từ 3 ảnh 2 link dof","7","494","1","2","1.735","2.421","282","Mục phù hợp",""
"44","thitruongngaynay.vn","700.000","2 Link Dofollow","1000 từ 3 ảnh 2 link dof","10","46","0","0","182","92","1","Mục phù hợp",""
"45","suckhoegiadinhvietnam.com","700.000","2 Link Dofollow","1000 từ 3 ảnh 2 link dof","22","107","0","1","3715","2","0","Mục phù hợp",""
"46","Thuonghieuphattrien.com","700.000","2 Link Dofollow","1000 từ 3 ảnh 2 link dof","25","91","0","0","432","4","3","Mục phù hợp",""
"47","https://camnangsuckhoeso.net/","700.000","2 Link Dofollow","1000 từ 3 ảnh 2 link dof","9","76","0","0","1471","0","0","Mục phù hợp",""
"48","doisongphapluat.com.vn","1.600.000","1000 từ  - 5 ảnh","không chèn link","4.631","81","183","1.893.652","188.363","95.078","","Mục phù hợp",""
"49","Xaluannews.com","2.200.000 đ","1 link dof ","1000 từ  - 3 ảnh - thêm link 500k/link","","","","","","","","",""
"1","Giá đã bao gồm content lên báo, KH chỉ cần gửi anchor text và URL","","","","","","","","","","","",""
"2","Giá chưa bao gồm VAT 8%","","","","","","","","","","","",""
"3","Công ty có xuất hóa đơn VAT và hợp đồng đầy đủ cho KH công ty","","","","","","","","","","","",""
"4","Cọc tối thiểu 50% để viết bài và đăng báo, 100% với báo lớn","","","","","","","","","","","",""
"5","Chỉ làm các lĩnh vực được cho phép của pháp luật.","","","","","","","","","","","",""
"6","Không quảng bá ngôn từ đả kích, tuyên truyền chống phá nhà nước, tác phẩm đồi trụy...","","","","","","","","","","","",""
"7","Cần có giấy phép kinh doanh đầy đủ (1 số báo).","","","","","","","","","","","",""
"8","Các đầu báo là sự quản lý của nhà nước - cục thông tin, nên khi bài viết đăng tải chúng tôi cam kết không bao giờ được xóa khi không có sự cho phép của KH nhưng còn link out ra ngoài thì báo có quyền xem gỡ bỏ nếu về sau trang đích của bạn chỉnh sửa vi phạm pháp luật hay tuyên truyền chống phá nhà nước, trang bị công an niêm phong....","","","","","","","","","","","",""
"9","Bài đăng lên báo là tồn tại vĩnh viễn theo domain báo.","","","","","","","","","","","",""
"10","Hiện tại theo hợp đồng ký kết thì 100% là link dof, tuy nhiên có thể sau này các Báo thay đổi chính sách hoặc quy định của Nhà nước chuyển từ dof về nof thì mong quý khách hàng thông cảm.","","","","","","","","","","","",""
"11","Khách hàng vui lòng check kỹ bài demo trước khi gửi, nếu sai sót do bạn thì báo không chỉnh sửa, chúng tôi cũng không chịu trách nhiệm. Bạn vẫn phải thanh toán đủ 100%.","","","","","","","","","","","",""