"","CÔNG TY TNHH CÔNG NGHỆ VÀ TRUYỀN THÔNG DANASEO MST: 0402001765 | STK 1105275555 - Vietcombank Đà Nẵng Email: contact@danaseo.net - Hotline: 0935 366 228 Lưu ý & Hướng dẫn Các dự án link khi điền để an toàn khách điền 200-300 link cho url trần trang chủ hoặc key thương hiệu Khi setup dự án sẽ bắn dư tầm 200-500 link/gói, trong quá trình setup và sử dụng có thể lỗi 1 số link hoặc gãy link nhưng đã bắn bù dư trước rồi Số lượng báo bắn trên mỗi dự án từ 20-29 báo, tùy vào chủ đề có hay không của từng báo Textlink không đi được cho các website các mảng: truyện tranh, phong thủy, dược mỹ phẩm, thuốc, game, phần mềm crack, tài chính, coin, chứng khoán HỖ TRỢ CHIẾT KHẤU TỐT CHO KHÁCH HÀNG BOOK 2 GÓI TRỞ LÊN GÓI TEXTLINK BÁO SIDEBAR 3 THÁNG Gói A1 1000 link sidebar bài viết Tặng 200 link free Đặt trên 30-37 trang báo Giới hạn 35 từ khoá","Gói A2 1500 link sidebar bài viết Tặng 200 link free Đặt trên 30-37 trang báo Giới hạn 40 từ khoá","Gói A3 2000 link sidebar bài viết Tặng 200 link free Đặt trên 30-37 trang báo Giới hạn 50 từ khoá","Gói A4 3000 link sidebar bài viết Tặng 200 link free Đặt trên 30-37 trang báo Giới hạn 50 từ khoá","Gói A5 5000 link sidebar bài viết Tặng 200 link free Đặt trên 30-37 trang báo Giới hạn 80 từ khoá","Gói A6 10000 link sidebar bài viết Tặng 200 link free Đặt trên 30-37 trang báo Giới hạn 100 từ khoá","Gói A7 15000 link sidebar bài viết Tặng 200 link free Đặt trên 30-37 trang báo Giới hạn 120 từ khoá","","","","","","","","","","","","","","","","","","","","","","","","","",""
"","2.000.000 đ","3.100.000 đ","3.900.000 đ","5.600.000 đ","8.800.000 đ","16.800.000 đ","24.000.000 đ","","","","","","","","","","","","","","","","","","","","","","","","","",""
"","1.850.000 đ","2.700.000 đ","3.600.000 đ","4.500.000 đ","7.200.000 đ","14.000.000 đ","23.000.000 đ","","","","","","","","","","","","","","","","","","","","","","","","","",""
"","","Gói B2","Gói B3","Gói B4","Gói B5","Gói B6","Gói B7","","","","","","","","","","","","","","","","","","","","","","","","","",""
"","","1500 link sidebar bài viết","2000 link sidebar bài viết","3000 link sidebar bài viết","5000 link sidebar bài viết","10000 link sidebar bài viết","15000 link sidebar bài viết","","","","","","","","","","","","","","","","","","","","","","","","","",""
"","","Tặng 200 link free","Tặng 200 link free","Tặng 200 link free","Tặng 200 link free","Tặng 200 link free","Tặng 200 link free","","","","","","","","","","","","","","","","","","","","","","","","","",""
"","","Đặt trên 30-37 trang báo","Đặt trên 30-37 trang báo","Đặt trên 30-37 trang báo","Đặt trên 30-37 trang báo","Đặt trên 30-37 trang báo","Đặt trên 30-37 trang báo","","","","","","","","","","","","","","","","","","","","","","","","","",""
"","","Giới hạn 50 từ khoá","Giới hạn 50 từ khoá","Giới hạn 50 từ khoá","Giới hạn 80 từ khoá","Giới hạn 100 từ khoá","Giới hạn 120 từ khoá","","","","","","","","","","","","","","","","","","","","","","","","","",""
"","3.300.000 đ","5.100.000 đ","6.400.000 đ","9.000.000 đ","14.800.000 đ","26.800.000 đ","40.000.000 đ","","","","","","","","","","","","","","","","","","","","","","","","","",""
"","2.700.000 đ","4.000.000 đ","5.400.000 đ","7.450.000 đ","12.000.000 đ","22.000.000 đ","35.000.000 đ","","","","","","","","","","","","","","","","","","","","","","","","","",""
"","","Gói C2","Gói C3","Gói C4","Gói C5","Gói C6","Gói C7","","","","","","","","","","","","","","","","","","","","","","","","","",""
"","","1500 link sidebar bài viết","2000 link sidebar bài viết","3000 link sidebar bài viết","5000 link sidebar bài viết","10000 link sidebar bài viết","15000 link sidebar bài viết","","","","","","","","","","","","","","","","","","","","","","","","","",""
"","","Tặng 200 link free","Tặng 200 link free","Tặng 200 link free","Tặng 200 link free","Tặng 200 link free","Tặng 200 link free","","","","","","","","","","","","","","","","","","","","","","","","","",""
"","","Đặt trên 30-37 trang báo","Đặt trên 30-37 trang báo","Đặt trên 30-37 trang báo","Đặt trên 30-37 trang báo","Đặt trên 30-37 trang báo","Đặt trên 30-37 trang báo","","","","","","","","","","","","","","","","","","","","","","","","","",""
"","","Giới hạn 50 từ khoá","Giới hạn 50 từ khoá","Giới hạn 50 từ khoá","Giới hạn 80 từ khoá","Giới hạn 100 từ khoá","Giới hạn 120 từ khoá","","","","","","","","","","","","","","","","","","","","","","","","","",""
"","4.900.000 đ","7.500.000 đ","9.700.000 đ","14.000.000 đ","22.000.000 đ","43.800.000 đ","62.800.000 đ","","","","","","","","","","","","","","","","","","","","","","","","","",""
"","3.900.000 đ","5.800.000 đ","7.800.000 đ","11.700.000 đ","18.350.000 đ","36.700.000 đ","52.750.000 đ","","","","","","","","","","","","","","","","","","","","","","","","","",""
"","1","https://hanoitimes.vn/","Báo điện tử Pháp luật và xã hội","","","","","","","","","","","","","","","","","","","","","","","","","","","","","",""
"","2","https://thieunien.vn/","Trung ương Đoàn TNCS Hồ Chí Minh","","","","","","","","","","","","","","","","","","","","","","","","","","","","","",""
"","3","https://thanhnienviet.vn/","Tạp chí điện tử thanhnienviet.vn","","","","","","","","","","","","","","","","","","","","","","","","","","","","","",""
"","4","https://tapchinghiencuuphathoc.vn/","Tạp chí nghiên cứu Phật học","","","","","","","","","","","","","","","","","","","","","","","","","","","","","",""
"","5","https://www.phunuvagiadinh.vn","TẠP CHÍ ĐIỆN TỬ PHỤ NỮ VÀ GIA ĐÌNH","","","","","","","","","","","","","","","","","","","","","","","","","","","","","",""
"","6","https://reatimes.vn/","Hiệp hội Bất động sản Việt Nam (VNREA)","","","","","","","","","","","","","","","","","","","","","","","","","","","","","",""
"","7","https://doanhnghiephoinhap.vn/","TẠP CHÍ ĐIỆN TỬ DOANH NGHIỆP VÀ HỘI NHẬP","","","","","","","","","","","","","","","","","","","","","","","","","","","","","",""
"","8","https://baothainguyen.vn/","Cơ quan của đảng bộ ĐCS VN tỉnh Thái Nguyên","","","","","","","","","","","","","","","","","","","","","","","","","","","","","",""
"","9","https://huengaynay.vn/","Cơ quan của đảng bộ ĐCS VN Tỉnh Thừa Thiên Huế","","","","","","","","","","","","","","","","","","","","","","","","","","","","","",""
"","10","https://baocamau.vn/","Cơ quan của đảng bộ ĐCS VN tỉnh Cà Mau","","","","","","","","","","","","","","","","","","","","","","","","","","","","","",""
"","11","https://baotuyenquang.com.vn/","Cơ quan của đảng bộ ĐCS VN tỉnh Tuyên Quang","","","","","","","","","","","","","","","","","","","","","","","","","","","","","",""
"","12","https://baogialai.com.vn/","Cơ quan của đảng bộ ĐCS VN tỉnh Gia Lai","","","","","","","","","","","","","","","","","","","","","","","","","","","","","",""
"","13","https://nguoidothi.net.vn/","Tạp chí điện tử Người Đô Thị","","","","","","","","","","","","","","","","","","","","","","","","","","","","","",""
"","14","https://baolangson.vn/","Cơ quan của đảng bộ ĐCS VN tỉnh Lạng Sơn","","","","","","","","","","","","","","","","","","","","","","","","","","","","","",""
"","15","https://baolaocai.vn/","Cơ quan của đảng bộ ĐCS VN tỉnh Lào Cai","","","","","","","","","","","","","","","","","","","","","","","","","","","","","",""
"","16","https://baoangiang.com.vn/","Cơ quan của đảng bộ ĐCS VN tỉnh An Giang","","","","","","","","","","","","","","","","","","","","","","","","","","","","","",""
"","17","https://baocantho.com.vn/","Cơ quan của đảng bộ ĐCS VN tỉnh Cần Thơ","","","","","","","","","","","","","","","","","","","","","","","","","","","","","",""
"","18","https://truyenhinhnghean.vn/","Đài phát thanh truyền hình Nghệ An","","","","","","","","","","","","","","","","","","","","","","","","","","","","","",""
"","19","https://thuonghieucongluan.com.vn/","Tạp chí điện tử Thương hiệu và Công luận","","","","","","","","","","","","","","","","","","","","","","","","","","","","","",""
"","20","https://baovanhoa.vn/","Báo điện tử Báo Văn Hoá","","","","","","","","","","","","","","","","","","","","","","","","","","","","","",""
"","21","https://tapchitoaan.vn/","Tạp chí điện tử Toà án nhân dân","","","","","","","","","","","","","","","","","","","","","","","","","","","","","",""
"","22","https://baodanang.vn/","Cơ quan của đảng bộ ĐCS VN tỉnh Đà Nẵng","","","","","","","","","","","","","","","","","","","","","","","","","","","","","",""
"","23","https://baodongnai.com.vn/","Cơ quan của đảng bộ ĐCS VN tỉnh Đồng Nai","","","","","","","","","","","","","","","","","","","","","","","","","","","","","",""
"","24","https://giaoducthoidai.vn/","Cơ quan của Bộ Kế hoạch","","","","","","","","","","","","","","","","","","","","","","","","","","","","","",""
"","25","https://baophapluat.vn/","Báo điện tử Pháp luật Việt Nam","","","","","","","","","","","","","","","","","","","","","","","","","","","","","",""
"","26","https://vnreview.vn/","CÔNG TY TNHH VIỆT NAM ĐÁNH GIÁ","","","","","","","","","","","","","","","","","","","","","","","","","","","","","",""
"","27","https://home.vn/","CÔNG TY TNHH VIỆT NAM ĐÁNH GIÁ","","","","","","","","","","","","","","","","","","","","","","","","","","","","","",""
"","28","https://congly.vn/","Cơ quan ngôn luận toà án nhân dân tối cao","","","","","","","","","","","","","","","","","","","","","","","","","","","","","",""
"","29","https://www.anninhthudo.vn/","Cơ quan công an thành phố Hà Nội","","","","","","","","","","","","","","","","","","","","","","","","","","","","","",""
"","30","https://hanoimoi.vn/","Báo điện tử Hà Nội Mới","","","","","","","","","","","","","","","","","","","","","","","","","","","","","",""
"","31","https://thuonghieuvaphapluat.vn/","Tạp chí điện tử Thương hiệu và Pháp luật","","","","","","","","","","","","","","","","","","","","","","","","","","","","","",""
"","32","https://anhp.vn/","Báo điện tử Hải Phòng","","","","","","","","","","","","","","","","","","","","","","","","","","","","","",""
"","33","https://vietq.vn/","","","","","","","","","","","","","","","","","","","","","","","","","","","","","","",""