dich_vu,dau_bao,nhom,vi_tri,gia,so_link,quy_cach,ghi_chu,so_ncc_co_gia,ngay_cap_nhat
booking-pr,bau.vn,Bao link dofollow,Mục phù hợp,1700000,2 link Doffollow,1001 từ 3 ảnh 2 link dof,DR 41,1,2026-07-14
booking-pr,cafedautu.vn,Bao link dofollow,Mục phù hợp,1700000,2 Link Dofollow,1000 từ 3 ảnh 2 link dof,DR 44,1,2026-07-14
booking-pr,camnangsuckhoeso.net,Bao link dofollow,Mục phù hợp,700000,2 Link Dofollow,1000 từ 3 ảnh 2 link dof,DR 9,1,2026-07-14
booking-pr,daklak24h.com.vn,Bao link dofollow,Mục phù hợp,1100000,2 link Doffollow (thêm link 200k),1000 từ 3 ảnh 2 link dof,DR 50,1,2026-07-14
booking-pr,diendandoanhnghiep.vn,Bao link dofollow,Mục phù hợp,2700000,2 Link Dofollow,700 từ + 3 ảnh,DR 74,1,2026-07-14
booking-pr,doanhnghiepvn.vn,Bao link dofollow,Bài đi lấy link,3150000,1 Link Dof(thêm link 300k),,DR 69,1,2026-07-14
booking-pr,doisongphapluat.com.vn,Bao link dofollow,Mục phù hợp,1600000,1000 từ  - 5 ảnh,không chèn link,DR 4.631,1,2026-07-14
booking-pr,doisongvietnam.vn,Bao link dofollow,Mục phù hợp,1900000,2 Link Dofollow,1000 từ 3 ảnh 2 link dof,DR 54,1,2026-07-14
booking-pr,giadinhvaphapluat.vn,Bao link dofollow,phapluatkinhdoanh,1650000,2 Link Dofollow,1000 từ 3 ảnh 2 link dof,DR 57,1,2026-07-14
booking-pr,golfviet.vn,Bao link dofollow,Mục phù hợp,2100000,2 Link Dofollow,1000 từ 3 ảnh 2 link dof,DR 49,1,2026-07-14
booking-pr,hanghoathuonghieu.vn,Bao link dofollow,Mục phù hợp,1000000,2 link Doffollow,1000 từ 3 ảnh 2 link dof,DR 26,1,2026-07-14
booking-pr,hoinhap.vanhoavaphattrien.vn,Bao link dofollow,Mục phù hợp,1700000,2 Link Dofollow,1000 từ 3 ảnh 2 link dof,DR 56,1,2026-07-14
booking-pr,home.vn,Bao link dofollow,Mục phù hợp,1500000,2 Link Dofollow,1000 từ 3 ảnh 2 link dof,DR 35,1,2026-07-14
booking-pr,khoahoccuocsong.com,Bao link dofollow,Mục phù hợp,900000,2 link Dofollow,1000 từ 3 ảnh 2 link dof,DR 9,1,2026-07-14
booking-pr,kinhtethoidai.net,Bao link dofollow,Mục phù hợp,1100000,2 link Dofollow,1000 từ 3 ảnh 2 link dof,DR 6,1,2026-07-14
booking-pr,nguoidothi.net.vn,Bao link dofollow,Mục phù hợp,3100000,2 Link Dofollow,500 từ 3 ảnh 2 link dof,DR 64,1,2026-07-14
booking-pr,nhipcaudautu.vn,Bao link dofollow,SKDN,11500000,1 Link Dof(thêm link 500k),300 từ 1 ảnh bài event,DR 72,1,2026-07-14
booking-pr,"nhom bao gia re (thuonghieutieudung.vn, bizfinance.vn...)",Bao link dofollow,Gia khoi diem,700000,,,"Gia khoi diem, chua co bang chi tiet tung dau bao",1,2026-07-14
booking-pr,petrotimes.vn,Bao link dofollow,Mục phù hợp,2400000,1 link Doffollow (thêm link 200k),,DR 71,1,2026-07-14
booking-pr,phapluat.suckhoedoisong.vn,Bao link dofollow,Mục phù hợp,2700000,1 Link Dof,Mua thêm link 300k,DR 83,1,2026-07-14
booking-pr,phapluatvacuocsong.vn,Bao link dofollow,Mục phù hợp,1400000,2 Link Dofollow,1001 từ 3 ảnh 2 link dof,DR 45,1,2026-07-14
booking-pr,phunuhiendai.vn,Bao link dofollow,Mục phù hợp,1200000,2 Link Dofollow,1000 từ 3 ảnh 2 link dof,DR 57,1,2026-07-14
booking-pr,phunusuckhoe.giadinhonline.vn,Bao link dofollow,Mục phù hợp,1800000,1 link Doffollow,1000 từ 3 ảnh 2 link dof,DR 56,1,2026-07-14
booking-pr,phunuvagiadinh.vn,Bao link dofollow,Bài đi lấy link,1650000,2 link Dofollow,1000 từ 3 ảnh 2 link dof,DR 60,1,2026-07-14
booking-pr,songdep.com.vn,Bao link dofollow,Mục phù hợp,2100000,2 Link Dofollow,1000 từ 3 ảnh 2 link dof,DR 35,1,2026-07-14
booking-pr,suckhoecongdongonline.vn,Bao link dofollow,Mục phù hợp,2700000,1 link Dof(thêm link 500k),1000 từ 3 ảnh 2 link dof,DR 46,1,2026-07-14
booking-pr,suckhoegiadinhvietnam.com,Bao link dofollow,Mục phù hợp,700000,2 Link Dofollow,1000 từ 3 ảnh 2 link dof,DR 22,1,2026-07-14
booking-pr,suckhoephapluat.nguoiduatin.vn,Bao link dofollow,Mục phù hợp,1750000,2 Link Dofollow,,DR 78,1,2026-07-14
booking-pr,thanhnienviet,Bao link dofollow,Mục phù hợp,2000000,2 link Dofollow,1500 từ 5 ảnh 2 link dof,DR 61,1,2026-07-14
booking-pr,thesaigontimes.vn,Bao link dofollow,TTDN,4650000,3 link Do,dưới 450 từ + 1 ảnh,DR 75,1,2026-07-14
booking-pr,thitruongbiz.vn,Bao link dofollow,Mục phù hợp,2100000,2 Link Dofollow,1000 từ 3 ảnh 2 link dof,DR 7,1,2026-07-14
booking-pr,thitruongngaynay.vn,Bao link dofollow,Mục phù hợp,700000,2 Link Dofollow,1000 từ 3 ảnh 2 link dof,DR 10,1,2026-07-14
booking-pr,thuonghieucongluan.com.vn,Bao link dofollow,Mục phù hợp,2300000,1000 từ 3 ảnh 1 link dof,Mua thêm link 550k,,1,2026-07-14
booking-pr,thuonghieuphattrien.com,Bao link dofollow,Mục phù hợp,700000,2 Link Dofollow,1000 từ 3 ảnh 2 link dof,DR 25,1,2026-07-14
booking-pr,tieudungtiepthi.vn,Bao link dofollow,Mục phù hợp,1000000,2 Link Dofollow,1000 từ 3 ảnh 2 link dof,DR 27,1,2026-07-14
booking-pr,vanhoavaphattrien.vn,Bao link dofollow,Mục phù hợp,2100000,2 Link Dofollow,1000 từ 3 ảnh 2 link dof,DR 56,1,2026-07-14
booking-pr,vietq.vn,Bao link dofollow,Mục phù hợp,2450000,2 Link Dofollow,,DR 71,1,2026-07-14
booking-pr,vnfinance.vn,Bao link dofollow,Mục phù hợp,2100000,2 Link Dofollow,1000 từ 3 ảnh 2 link dof,DR 36,1,2026-07-14
booking-pr,vnreview.vn,Bao link dofollow,Mục phù hợp,2300000,2 link Dofollow,,DR 69,1,2026-07-14
booking-pr,wiki.batdongsan.com.vn,Bao link dofollow,Mục phù hợp,5200000,2 Link Nof,,DR 78,1,2026-07-14
booking-pr,xahoi.com.vn,Bao link dofollow,Mục phù hợp,2250000,2 Link Dofollow,1001 từ 3 ảnh 2 link dof,DR 58,1,2026-07-14
booking-pr,xaluannews.com,Bao link dofollow,,2200000,1 link dof,1000 từ  - 3 ảnh - thêm link 500k/link,,1,2026-07-14
booking-pr,anninhthudo.vn,Bao tinh / bao dang,Muc phu hop,2600000,,800-1000 từ  - 2 ảnh - 2 link,,1,2026-07-14
booking-pr,bao cac tinh,Bao tinh / bao dang,Muc phu hop,1280000,Link dofollow,,Dai gia 1.280.000 - 2.750.000,1,2026-07-14
booking-pr,baoangiang.com.vn,Bao tinh / bao dang,Muc phu hop,1200000,,1000 từ  - 5 ảnh - 2 link dof,,1,2026-07-14
booking-pr,baocamau.vn,Bao tinh / bao dang,Muc phu hop,1400000,,1000 từ  - 3-5 ảnh - 2 link dof,,1,2026-07-14
booking-pr,baocantho.com.vn,Bao tinh / bao dang,Muc phu hop,1600000,,1000 từ  - 4 ảnh - 2 link dof,,1,2026-07-14
booking-pr,baocaobang.vn,Bao tinh / bao dang,Muc phu hop,1800000,,1000 từ  - 5 ảnh - 2 link dof,,1,2026-07-14
booking-pr,baodaklak.vn,Bao tinh / bao dang,Muc phu hop,4500000,,1000 từ  - 2 ảnh - 1 link dof,,1,2026-07-14
booking-pr,baodanang.vn,Bao tinh / bao dang,Muc phu hop,1000000,,1000 từ  - 5 ảnh - 2 link dof - Có ĐKKD,,1,2026-07-14
booking-pr,baodienbienphu.vn,Bao tinh / bao dang,Muc phu hop,1200000,,1000 từ  - 5 ảnh - 2 link dof,,1,2026-07-14
booking-pr,baodongnai.com.vn,Bao tinh / bao dang,Muc phu hop,1100000,,1000 từ  - 5 ảnh - 2 link dof,,1,2026-07-14
booking-pr,baodongthap.vn,Bao tinh / bao dang,Muc phu hop,2900000,,700 từ  - 3-5 ảnh - 2 link dof,,1,2026-07-14
booking-pr,baohatinh.vn,Bao tinh / bao dang,Muc phu hop,1050000,,1000 từ  - 5 ảnh - 2 link dof,,1,2026-07-14
booking-pr,baolamdong.vn,Bao tinh / bao dang,Muc phu hop,1600000,,1000 từ  - 5 ảnh - 2 link dof,,1,2026-07-14
booking-pr,baolangson.vn,Bao tinh / bao dang,Muc phu hop,1800000,,1000 từ  - 5 ảnh - 2 link dof,,1,2026-07-14
booking-pr,baolaocai.vn,Bao tinh / bao dang,Muc phu hop,3800000,,1000 từ  - 3 ảnh - 2 link nof,,1,2026-07-14
booking-pr,baonghean.vn,Bao tinh / bao dang,Muc phu hop,2450000,,1000 từ  - 3 ảnh - 2 link nof + ĐKKD,,1,2026-07-14
booking-pr,baophutho.vn,Bao tinh / bao dang,Muc phu hop,1300000,,1000 từ  - 5 ảnh - 2 link dof,,1,2026-07-14
booking-pr,baoquangninh.vn,Bao tinh / bao dang,Muc phu hop,1600000,,1000 từ  - 5 ảnh - 2 link dof + ĐKKD,,1,2026-07-14
booking-pr,baotayninh.vn,Bao tinh / bao dang,Muc phu hop,1550000,,1000 từ  - 5 ảnh - 2 link dof,,1,2026-07-14
booking-pr,baothainguyen.vn,Bao tinh / bao dang,Muc phu hop,1500000,,800 từ  - 3 ảnh - 2 link dof - Có ĐKKD,,1,2026-07-14
booking-pr,baothanhhoa.vn,Bao tinh / bao dang,Muc phu hop,1500000,,1000 từ  - 4 ảnh - 2 link dof chỉ nhận domain .vn + ĐKKD,,1,2026-07-14
booking-pr,baotuyenquang.com.vn,Bao tinh / bao dang,Muc phu hop,1050000,,1000 từ  - 5 ảnh - 2 link dof,,1,2026-07-14
booking-pr,baovinhlong.com.vn,Bao tinh / bao dang,Muc phu hop,1350000,,1000 từ  - 2 ảnh - 2 link dof,,1,2026-07-14
booking-pr,baoxaydung.vn,Bao tinh / bao dang,Muc phu hop,1900000,,"1000 từ  - 3 ảnh (1,1tr/link nof)",,1,2026-07-14
booking-pr,bienphong.com.vn,Bao tinh / bao dang,Muc phu hop,1400000,,1000 từ - 3 ảnh - 2 link dof,,1,2026-07-14
booking-pr,giaoducthudo.giaoducthoidai.vn,Bao tinh / bao dang,Muc phu hop,1500000,,1000 từ  - 3 ảnh - 2 link dof,,1,2026-07-14
booking-pr,kinhtemoitruong.vn,Bao tinh / bao dang,Muc phu hop,3000000,,1000 từ  - 3 ảnh - 1 link dof,,1,2026-07-14
booking-pr,nguoihanoi.vn,Bao tinh / bao dang,Muc phu hop,2400000,,1500 từ  - 5 ảnh - 2 link dof,,1,2026-07-14
booking-pr,nhom bao dang,Bao tinh / bao dang,Gia khoi diem,1000000,,,"Gia khoi diem, chua co bang chi tiet tung dau bao",1,2026-07-14
booking-pr,phunumoi.net.vn,Bao tinh / bao dang,Muc phu hop,1200000,,1000 từ  - 3-5 ảnh - 2 link dof,,1,2026-07-14
booking-pr,sohuutritue.net.vn,Bao tinh / bao dang,Muc phu hop,1550000,,1000 từ  - 5 ảnh - 2 link dof,,1,2026-07-14
booking-pr,tapchixaydung.vn,Bao tinh / bao dang,Muc phu hop,2100000,,1000 từ  - 3 ảnh - 2 link dof,,1,2026-07-14
booking-pr,thethaovanhoa.vn,Bao tinh / bao dang,Muc phu hop,2000000,,1000 từ  - 3 ảnh - 1 link dof,,1,2026-07-14
booking-pr,thuonghieuvaphapluat.vn,Bao tinh / bao dang,Muc phu hop,1700000,,1000 từ  - 5 ảnh - 2 link dof,,1,2026-07-14
booking-pr,truyenhinhnghean.vn,Bao tinh / bao dang,Muc phu hop,1900000,,1000 từ  - 5 ảnh - 2 link dof + ĐKKD,,1,2026-07-14
booking-pr,tuoitrexahoi.vn,Bao tinh / bao dang,Muc phu hop,1200000,,1000 từ  - 3 ảnh - 2 link dof,,1,2026-07-14
booking-pr,vietbao.vn,Bao tinh / bao dang,Muc phu hop,1980000,,1000 từ  - 3 ảnh - 2 link dof,,1,2026-07-14
booking-pr,vietstock.vn,Bao tinh / bao dang,Muc phu hop,1999000,,1000 từ  - 3 ảnh - 2 link dof - - đăng đồng thời trên fili.vn FREE,,1,2026-07-14
booking-pr,24h.com.vn,PR bao lon,Bài PR loại 2 Mục còn lại,5000000,3 link no,"Bài PR dưới 1000 từ, dưới 5 ảnh",,1,2026-07-14
booking-pr,24h.com.vn,PR bao lon,"Bài PR loại 2( TTTD,KD)",6000000,3 link no,"Bài PR dưới 1000 từ, dưới 5 ảnh",,1,2026-07-14
booking-pr,24h.com.vn,PR bao lon,PR loại 1 (2h trang chủ),9000000,3 link no,"Bài PR dưới 1000 từ, dưới 5 ảnh",,1,2026-07-14
booking-pr,afamily.vn,PR bao lon,Chuyên mục,5000000,1 link no,"Bài PR dưới 1000 từ, dưới 3 ảnh",,1,2026-07-14
booking-pr,alobacsi.com,PR bao lon,Bài loại 7 trang chuyên mục,2000000,1 link no,"Bài PR dưới 800 từ, dưới 3 ảnh",,1,2026-07-14
booking-pr,autopro.com.vn,PR bao lon,Chuyên mục,6000000,1 link no - thêm link 300k,"Bài PR dưới 1000 từ, dưới 5 ảnh",Anchortext để 2/3 cuối bài,1,2026-07-14
booking-pr,autopro.com.vn,PR bao lon,Trang chủ,10000000,,"Bài PR dưới 1000 từ, dưới 5 ảnh",,1,2026-07-14
booking-pr,baodautu.vn,PR bao lon,TT doanh nghiệp,5000000,1tr/link no,"Bài PR dưới 1000 từ, dưới 3 ảnh",,1,2026-07-14
booking-pr,baoquocte.vn,PR bao lon,Mục phù hợp,3000000,1tr/link tối đa 1 link no,"Bài PR dưới 1000 từ, dưới 3 ảnh",,1,2026-07-14
booking-pr,cafebiz.vn,PR bao lon,Chuyên Mục,5000000,1 link no - thêm link 500k,"Bài PR dưới 1000 từ, dưới 3 ảnh",,1,2026-07-14
booking-pr,cafebiz.vn,PR bao lon,Bài thương hiệu,9000000,,"Bài PR dưới 1000 từ, dưới 5 ảnh",,1,2026-07-14
booking-pr,cafebiz.vn,PR bao lon,Trang chủ,12000000,,"Bài PR dưới 1000 từ, dưới 5 ảnh",,1,2026-07-14
booking-pr,cafef.vn,PR bao lon,Box Thông Cáo Báo chí (Trang chủ 1 ngày),6000000,1 link no - thêm link 500k,"Bài PR dưới 1000 từ, dưới 5 ảnh",,1,2026-07-14
booking-pr,cafef.vn,PR bao lon,Tin doanh nghiệp (Trang chủ 1 ngày),7500000,,,,1,2026-07-14
booking-pr,cafef.vn,PR bao lon,Chuyên mục nhóm 2 (CM còn lại),8000000,,"Bài PR dưới 1000 từ, dưới 5 ảnh",,1,2026-07-14
booking-pr,cafef.vn,PR bao lon,"Chuyên mục 1 ((BDS, DN, Tài Chính - Ngân hàng, Chứng khoán. Smart Money)",12000000,,"Bài PR dưới 1000 từ, dưới 5 ảnh",,1,2026-07-14
booking-pr,cafeland.vn,PR bao lon,Tin ngắn,5000000,không chèn link,"400 từ, 1 ảnh",,1,2026-07-14
booking-pr,cafeland.vn,PR bao lon,Mục phù hợp,12000000,1 link no,"Bài PR dưới 1000 từ, dưới 3 ảnh",,1,2026-07-14
booking-pr,congan.com.vn,PR bao lon,Mục phù hợp,5000000,gắn link 500k/link,"Bài PR dưới 1000 từ, dưới 3 ảnh",,1,2026-07-14
booking-pr,congluan.vn,PR bao lon,chuyên mục phù hợp,5000000,1 link no,"Bài PR dưới 1000 từ, dưới 3 ảnh",Trên 200 từ tính phí 10.000đ/từ,1,2026-07-14
booking-pr,congly.vn,PR bao lon,Mục phù hợp,5000000,500k/Link,"Bài PR dưới 1000 từ, dưới 3 ảnh",,1,2026-07-14
booking-pr,congthuong.vn,PR bao lon,Tin,8000000,free 1 link BBT duyệt,"Bài PR dưới 500 từ, dưới 3 ảnh",,1,2026-07-14
booking-pr,dantri.com.vn,PR bao lon,Tiểu mục Nhóm 2,13000000,Mua 500k/link - 3 link 1tr,"Bài PR dưới 1000 từ, dưới 3 ảnh",,1,2026-07-14
booking-pr,dantri.com.vn,PR bao lon,Tiểu mục Nhóm 1,15000000,Mua 500k/link - 3 link 1tr,"Bài PR dưới 1000 từ, dưới 3 ảnh",,1,2026-07-14
booking-pr,danviet.vn,PR bao lon,Mục phù hợp,3500000,Mua 1 link nof/1tr6,"Bài PR dưới 1000 từ, dưới 3 ảnh",,1,2026-07-14
booking-pr,dep.com.vn,PR bao lon,Mục phù hợp,12000000,1tr/link,"Bài PR dưới 1000 từ, dưới 3 ảnh",,1,2026-07-14
booking-pr,emdep.vn,PR bao lon,Mục phù hợp,2000000,1 link no,"Bài PR dưới 1000 từ, dưới 3 ảnh",,1,2026-07-14
booking-pr,eva.vn,PR bao lon,Bài hot Tiểu mục,5000000,3 link no,"Bài PR dưới 1000 từ, dưới 5 ảnh",,1,2026-07-14
booking-pr,gamek.vn,PR bao lon,Chuyên mục,6000000,1 link no,"Bài PR dưới 1000 từ, dưới 5 ảnh",,1,2026-07-14
booking-pr,gamek.vn,PR bao lon,Trang chủ,12000000,1 link no,"Bài PR dưới 1000 từ, dưới 5 ảnh",,1,2026-07-14
booking-pr,genk.vn,PR bao lon,Tiểu mục,3000000,,,,1,2026-07-14
booking-pr,genk.vn,PR bao lon,Chuyên mục,5000000,1 link no - thêm link 300k,"Bài PR dưới 1000 từ, dưới 5 ảnh",Anchortext để 2/3 cuối bài,1,2026-07-14
booking-pr,genk.vn,PR bao lon,Trang chủ,12000000,,"Bài PR dưới 1000 từ, dưới 5 ảnh",,1,2026-07-14
booking-pr,giadinhmoi.vn,PR bao lon,Mục phù hợp,1500000,2 link no,"Bài PR dưới 1000 từ, dưới 3 ảnh",,1,2026-07-14
booking-pr,giaoducthoidai.vn,PR bao lon,Mục phù hợp,6000000,1 link no,"Bài PR dưới 1000 từ, dưới 3 ảnh",,1,2026-07-14
booking-pr,kenh14.vn,PR bao lon,Tiểu mục ( Học đường/Công nghệ/Sao/Âm nhạc/Phim),4000000,1 link no - thêm link 300k,"Bài PR dưới 1000 từ, dưới 7 ảnh",,1,2026-07-14
booking-pr,kenh14.vn,PR bao lon,Xem - Ăn - Chơi,7000000,,"Bài PR dưới 1000 từ, dưới 7 ảnh",,1,2026-07-14
booking-pr,kenh14.vn,PR bao lon,Xem-Mua-Luôn/Ăn- Quẩy-Đi/ Beauty&Fashion,8000000,,"Bài PR dưới 1000 từ, dưới 7 ảnh",,1,2026-07-14
booking-pr,kenh14.vn,PR bao lon,Trang Chủ,12000000,,"Bài PR dưới 1000 từ, dưới 7 ảnh",,1,2026-07-14
booking-pr,laodong.vn,PR bao lon,Thông tin doanh nghiệp,8000000,3tr/ link,"dưới 700 từ, dưới 3 ảnh",,1,2026-07-14
booking-pr,ngoisao.vn,PR bao lon,chuyên mục phù hợp,4000000,2 link no,"Bài PR dưới 1000 từ, dưới 3 ảnh",,1,2026-07-14
booking-pr,ngoisao.vnexpress.net,PR bao lon,Mục phù hợp,5000000,2 link no,"Bài PR dưới 1000 từ, dưới 3 ảnh",,1,2026-07-14
booking-pr,nguoiduatin.vn,PR bao lon,Mục phù hợp,2000000,không chèn link,"Bài PR dưới 1000 từ, dưới 3 ảnh",,1,2026-07-14
booking-pr,nguoiquansat.vn,PR bao lon,Chuyên mục,5000000,1 link nof (thêm link 500k/link),"Bài PR dưới 1800 từ, 5 ảnh",,1,2026-07-14
booking-pr,nguoiquansat.vn,PR bao lon,Trang chủ,10000000,1 link nof (thêm link 500k/link),"Bài PR dưới 1800 từ, 5 ảnh",,1,2026-07-14
booking-pr,nhandan.vn,PR bao lon,Mục phù hợp,7000000,không chèn link,"Bài PR dưới 1000 từ, dưới 3 ảnh",,1,2026-07-14
booking-pr,"nhom bao lon (24h, vnexpress, eva, cafef, kenh14, dan tri, vietnamnet, tuoi tre...)",PR bao lon,Gia khoi diem,2000000,,,"Gia khoi diem, chua co bang chi tiet tung dau bao",1,2026-07-14
booking-pr,phunutoday.vn,PR bao lon,Mục phù hợp,4500000,2 link no,"Bài PR dưới 1000 từ, dưới 3 ảnh",,1,2026-07-14
booking-pr,phunuvietnam.vn,PR bao lon,Mục phù hợp,4000000,500k/link no,"Bài PR dưới 1000 từ, dưới 3 ảnh",,1,2026-07-14
booking-pr,saostar.vn,PR bao lon,Mục phù hợp,4000000,2 link no,"Bài PR dưới 1000 từ, dưới 3 ảnh",,1,2026-07-14
booking-pr,soha.vn,PR bao lon,bài stream tren trang chủ,5000000,1 link no,"Bài PR dưới 1000 từ, dưới 5 ảnh",,1,2026-07-14
booking-pr,suckhoedoisong.vn,PR bao lon,Mục phù hợp,6000000,1 link no,"Bài PR dưới 1000 từ, dưới 3 ảnh",,1,2026-07-14
booking-pr,techz.vn,PR bao lon,Mục phù hợp,3000000,1 link nof,"Bài PR dưới 1000 từ, dưới 3 ảnh",,1,2026-07-14
booking-pr,thanhnien.vn,PR bao lon,PR cần biết,4000000,1link no (thêm 1 link/600k),"Bài PR 300 từ, 1 ảnh",Trên 300 từ tính phí 8.000đ/từ,1,2026-07-14
booking-pr,thanhnien.vn,PR bao lon,Tiểu mục phù hợp,17000000,2 link no  (thêm 1 link/600k),"Bài PR dưới 1000 từ, dưới 3 ảnh",,1,2026-07-14
booking-pr,thethao247.vn,PR bao lon,Mục phù hợp,4800000,1 link no,"Bài PR dưới 1000 từ, dưới 3 ảnh",,1,2026-07-14
booking-pr,thitruong.nld.com.vn,PR bao lon,Tin ngắn,4000000,1 link no,"400 từ, 1 ảnh",,1,2026-07-14
booking-pr,thitruong.nld.com.vn,PR bao lon,Mục phù hợp,8000000,1 link no,"Bài PR dưới 1000 từ, dưới 3 ảnh",,1,2026-07-14
booking-pr,tienphong.vn,PR bao lon,bài chuyên mục phù hợp,6000000,Free 1 link đuôi .vn - Mua thêm link 2tr/link,"Bài PR dưới 800 từ, dưới 2 ảnh",,1,2026-07-14
booking-pr,tiin.vn,PR bao lon,Mục phù hợp,3000000,1 link no,700 từ,,1,2026-07-14
booking-pr,tinhte.vn,PR bao lon,Mục phù hợp,12000000,2 link nof,"Bài PR dưới 1000 từ, dưới 5 ảnh",,1,2026-07-14
booking-pr,tuoitre.vn,PR bao lon,Cần biết,8000000,không chèn link,"Bài PR dưới 1000 từ, dưới 5 ảnh",,1,2026-07-14
booking-pr,vietnambiz.vn,PR bao lon,Mục phù hợp,3000000,500k/link no,"Bài PR dưới 1000 từ, dưới 3 ảnh",,1,2026-07-14
booking-pr,vietnammoi.vn,PR bao lon,Mục phù hợp,3000000,500k/link no,"Bài dưới 300 từ, 1 ảnh",,1,2026-07-14
booking-pr,vietnamnet.vn,PR bao lon,Tiểu mục,6000000,5tr/link no 3 tháng,"Bài PR dưới 1000 từ, dưới 3 ảnh",Anchortext để 2/3 cuối bài,1,2026-07-14
booking-pr,vneconomy.vn,PR bao lon,Mục phù hợp,10000000,không chèn link,"Bài PR dưới 1000 từ, dưới 3 ảnh",,1,2026-07-14
booking-pr,vnexpress.net,PR bao lon,Doanh nghiệp viết 1 - tồn tại 6 tháng,10000000,2 link no,"Bài PR dưới 1000 từ, dưới 3 ảnh",,1,2026-07-14
booking-pr,vnexpress.net,PR bao lon,"Giáo dục, số hóa",12000000,2 link no,"Bài PR dưới 1000 từ, dưới 3 ảnh",,1,2026-07-14
booking-pr,vnexpress.net,PR bao lon,Doanh nghiệp viết 2 - tồn tại 24 tháng,15000000,2 link no,"Bài PR dưới 1000 từ, dưới 3 ảnh",,1,2026-07-14
booking-pr,vnexpress.net,PR bao lon,Doanh nghiệp viết 3 - tồn tại theo domain,20000000,2 link no,"Bài PR dưới 1000 từ, dưới 3 ảnh",,1,2026-07-14
booking-pr,vov.vn,PR bao lon,Mục phù hợp,5000000,Không chèn link,"Bài PR dưới 1000 từ, dưới 3 ảnh",Website đăng ký với bộ công thương,1,2026-07-14
booking-pr,vtcnews.vn,PR bao lon,Mục doanh nghiệp - doanh nhân,5000000,1 link no đuôi .vn,"Bài PR dưới 1000 từ, dưới 3 ảnh",,1,2026-07-14
booking-pr,vtcnews.vn,PR bao lon,Trang tiểu mục,5000000,,"Bài PR dưới 1000 từ, dưới 3 ảnh",,1,2026-07-14
booking-pr,vtcnews.vn,PR bao lon,Trang chuyên mục,6000000,,"Bài PR dưới 1000 từ, dưới 3 ảnh",,1,2026-07-14
booking-pr,vtv.vn,PR bao lon,Mục phù hợp,7000000,Ko chèn link,"Bài PR dưới 1000 từ, dưới 3 ảnh",,1,2026-07-14
booking-pr,vtv.vn,PR bao lon,Mục phù hợp,10000000,1 link nof,,,1,2026-07-14
booking-pr,webtretho.com,PR bao lon,Mục phù hợp,6000000,2 link redirect,"Bài PR dưới 1000 từ, dưới 3 ảnh",,1,2026-07-14
booking-pr,yan.vn,PR bao lon,Mục phù hợp,4500000,Ko chèn link,"Bài PR dưới 1000 từ, dưới 3 ảnh",,1,2026-07-14
booking-pr,yeah1.com,PR bao lon,Tin chuyên mục,4000000,1 link no,"Bài PR dưới 1000 từ, dưới 3 ảnh",,1,2026-07-14
booking-pr,znews.vn,PR bao lon,Tiểu mục,10000000,2 link no,"Bài PR dưới 1000 từ, dưới 3 ảnh",,1,2026-07-14
booking-pr,znews.vn,PR bao lon,Tiểu mục,12000000,,,,1,2026-07-14
booking-pr,afamily.vn,PR bao lon (vi tri premium),Trang chu dac biet,15000000,,,Vi tri trang chu/noi bat - gia cao,1,2026-07-14
booking-pr,autopro.com.vn,PR bao lon (vi tri premium),Trang chu loai 1,18000000,,,Vi tri trang chu/noi bat - gia cao,1,2026-07-14
booking-pr,batdongsan.com.vn,PR bao lon (vi tri premium),Bai Hot 1 - Trang chu,18000000,,,Vi tri trang chu/noi bat - gia cao,1,2026-07-14
booking-pr,cafef.vn,PR bao lon (vi tri premium),Loai 1 Home - Noi bat 3,70000000,,,Vi tri trang chu/noi bat - gia cao,1,2026-07-14
booking-pr,cafeland.vn,PR bao lon (vi tri premium),Dac biet trang chu 2,36000000,,,Vi tri trang chu/noi bat - gia cao,1,2026-07-14
booking-pr,dantri.com.vn,PR bao lon (vi tri premium),Trang chu - Link Top 1,70000000,,,Vi tri trang chu/noi bat - gia cao,1,2026-07-14
booking-pr,eva.vn,PR bao lon (vi tri premium),Dac biet - Home,60000000,,,Vi tri trang chu/noi bat - gia cao,1,2026-07-14
booking-pr,kenh14.vn,PR bao lon (vi tri premium),Dac biet - Trang chu,45000000,,,Vi tri trang chu/noi bat - gia cao,1,2026-07-14
booking-pr,laodong.vn,PR bao lon (vi tri premium),Cum tin Under Cover,100000000,,,Vi tri trang chu/noi bat - gia cao,1,2026-07-14
booking-pr,ngoisao.net,PR bao lon (vi tri premium),Top Story - Tin 2,50000000,,,Vi tri trang chu/noi bat - gia cao,1,2026-07-14
booking-pr,ngoisao.vn,PR bao lon (vi tri premium),Trang chu - Loai 1,30000000,,,Vi tri trang chu/noi bat - gia cao,1,2026-07-14
booking-pr,otofun.net,PR bao lon (vi tri premium),PR1 - Tin noi bat Trang chu,30000000,,,Vi tri trang chu/noi bat - gia cao,1,2026-07-14
booking-pr,phunuvietnam.vn,PR bao lon (vi tri premium),Bai loai 1 - Tin hot - TC,20000000,,,Vi tri trang chu/noi bat - gia cao,1,2026-07-14
booking-pr,suckhoedoisong.vn,PR bao lon (vi tri premium),Trang chu Top 1,22000000,,,Vi tri trang chu/noi bat - gia cao,1,2026-07-14
booking-pr,techrum.vn,PR bao lon (vi tri premium),Tin noi bat - Trang chu,35000000,,,Vi tri trang chu/noi bat - gia cao,1,2026-07-14
booking-pr,tuoitre.vn,PR bao lon (vi tri premium),Hien thi Trang chu 4,40000000,,,Vi tri trang chu/noi bat - gia cao,1,2026-07-14
booking-pr,vietnambiz.vn,PR bao lon (vi tri premium),Bai dac biet - Home,80000000,,,Vi tri trang chu/noi bat - gia cao,1,2026-07-14
booking-pr,vietnamnet.vn,PR bao lon (vi tri premium),"Tieu diem Home 2-3, Top 1",85000000,,,Vi tri trang chu/noi bat - gia cao,1,2026-07-14
booking-pr,vneconomy.vn,PR bao lon (vi tri premium),Dac biet trang chu,85000000,,,Vi tri trang chu/noi bat - gia cao,1,2026-07-14
booking-pr,vnexpress.net,PR bao lon (vi tri premium),"Top Story 5,6",150000000,,,Vi tri trang chu/noi bat - gia cao,1,2026-07-14
booking-pr,vnreview.vn,PR bao lon (vi tri premium),Tin noi bat 1 - Trang chu,21000000,,,Vi tri trang chu/noi bat - gia cao,1,2026-07-14
booking-pr,zing news,PR bao lon (vi tri premium),Top News 1 - Trang chu,230000000,,,Vi tri trang chu/noi bat - gia cao,1,2026-07-14
guest-post,angiangtoplist.com,Guest post,Bai dang tren site,1000000,,"1000 từ, 3-5 ảnh, 2 link nof","Ton tai theo domain, link cam ket toi thieu 2 nam",1,2026-07-14
guest-post,arcencielhotel.com.vn,Guest post,Bai dang tren site,500000,,"1000 từ, 3-5 ảnh, 2 link nof","Ton tai theo domain, link cam ket toi thieu 2 nam",1,2026-07-14
guest-post,bacninhtoplist.com,Guest post,Bai dang tren site,1000000,,"1000 từ, 3-5 ảnh, 2 link nof","Ton tai theo domain, link cam ket toi thieu 2 nam",1,2026-07-14
guest-post,bariavungtautourism.com.vn,Guest post,Bai dang tren site,800000,,"1000 từ, 3-5 ảnh, 2 link nof","Ton tai theo domain, link cam ket toi thieu 2 nam",1,2026-07-14
guest-post,bentretoplist.com,Guest post,Bai dang tren site,1000000,,"1000 từ, 3-5 ảnh, 2 link nof","Ton tai theo domain, link cam ket toi thieu 2 nam",1,2026-07-14
guest-post,bietdienhotel.com.vn,Guest post,Bai dang tren site,500000,,"1000 từ, 3-5 ảnh, 2 link nof","Ton tai theo domain, link cam ket toi thieu 2 nam",1,2026-07-14
guest-post,binhdinhtoplist.com,Guest post,Bai dang tren site,1000000,,"1000 từ, 3-5 ảnh, 2 link nof","Ton tai theo domain, link cam ket toi thieu 2 nam",1,2026-07-14
guest-post,binhduongreview.vn,Guest post,Bai dang tren site,1200000,,"1000 từ, 3-5 ảnh, 2 link dof","Ton tai theo domain, link cam ket toi thieu 2 nam",1,2026-07-14
guest-post,binhduongtoplist.com,Guest post,Bai dang tren site,1000000,,"1000 từ, 3-5 ảnh, 2 link nof","Ton tai theo domain, link cam ket toi thieu 2 nam",1,2026-07-14
guest-post,chonthuonghieu.com,Guest post,Bai dang tren site,1000000,,"1000 từ, 3-5 ảnh, 2 link nof","Ton tai theo domain, link cam ket toi thieu 2 nam",1,2026-07-14
guest-post,chuabaidinhninhbinh.vn,Guest post,Bai dang tren site,800000,,"1000 từ, 3-5 ảnh, 2 link nof","Ton tai theo domain, link cam ket toi thieu 2 nam",1,2026-07-14
guest-post,danhgiasao.com,Guest post,Bai dang tren site,1000000,,"1000 từ, 3-5 ảnh, 2 link nof","Ton tai theo domain, link cam ket toi thieu 2 nam",1,2026-07-14
guest-post,dongnaitoplist.com,Guest post,Bai dang tren site,1000000,,"1000 từ, 3-5 ảnh, 2 link nof","Ton tai theo domain, link cam ket toi thieu 2 nam",1,2026-07-14
guest-post,dongthaptoplist.com,Guest post,Bai dang tren site,1000000,,"1000 từ, 3-5 ảnh, 2 link nof","Ton tai theo domain, link cam ket toi thieu 2 nam",1,2026-07-14
guest-post,dulichhatinh.com.vn,Guest post,Bai dang tren site,800000,,"1000 từ, 3-5 ảnh, 2 link nof","Ton tai theo domain, link cam ket toi thieu 2 nam",1,2026-07-14
guest-post,dulichsontra.com,Guest post,Bai dang tren site,800000,,"1000 từ, 3-5 ảnh, 2 link nof","Ton tai theo domain, link cam ket toi thieu 2 nam",1,2026-07-14
guest-post,duonggiahotel.vn,Guest post,Bai dang tren site,800000,,"1000 từ, 3-5 ảnh, 2 link nof","Ton tai theo domain, link cam ket toi thieu 2 nam",1,2026-07-14
guest-post,"gp tong hop (du lich, giao duc, cong nghe, bds, suc khoe, thoi trang, logistics)",Guest post,Gia khoi diem,200000,,,"Gia khoi diem, chua co bang chi tiet tung dau bao",1,2026-07-14
guest-post,haiduongtoplist.com,Guest post,Bai dang tren site,1000000,,"1000 từ, 3-5 ảnh, 2 link nof","Ton tai theo domain, link cam ket toi thieu 2 nam",1,2026-07-14
guest-post,haiphongtoplist.com,Guest post,Bai dang tren site,1000000,,"1000 từ, 3-5 ảnh, 2 link nof","Ton tai theo domain, link cam ket toi thieu 2 nam",1,2026-07-14
guest-post,hanoireview.vn,Guest post,Bai dang tren site,1200000,,"1000 từ, 3-5 ảnh, 2 link dof","Ton tai theo domain, link cam ket toi thieu 2 nam",1,2026-07-14
guest-post,hanoitoplist.com,Guest post,Bai dang tren site,1000000,,"1000 từ, 3-5 ảnh, 2 link nof","Ton tai theo domain, link cam ket toi thieu 2 nam",1,2026-07-14
guest-post,hatinhtoplist.com,Guest post,Bai dang tren site,1000000,,"1000 từ, 3-5 ảnh, 2 link nof","Ton tai theo domain, link cam ket toi thieu 2 nam",1,2026-07-14
guest-post,hcmtoplist.com,Guest post,Bai dang tren site,1000000,,"1000 từ, 3-5 ảnh, 2 link nof","Ton tai theo domain, link cam ket toi thieu 2 nam",1,2026-07-14
guest-post,hellodanang.vn,Guest post,Bai dang tren site,1200000,,"1000 từ, 3-5 ảnh, 2 link dof","Ton tai theo domain, link cam ket toi thieu 2 nam",1,2026-07-14
guest-post,hotelnikkohanoi.com.vn,Guest post,Bai dang tren site,500000,,"1000 từ, 3-5 ảnh, 2 link nof","Ton tai theo domain, link cam ket toi thieu 2 nam",1,2026-07-14
guest-post,huetoplist.vn,Guest post,Bai dang tren site,1000000,,"1000 từ, 3-5 ảnh, 2 link nof","Ton tai theo domain, link cam ket toi thieu 2 nam",1,2026-07-14
guest-post,hungyentoplist.com,Guest post,Bai dang tren site,1000000,,"1000 từ, 3-5 ảnh, 2 link nof","Ton tai theo domain, link cam ket toi thieu 2 nam",1,2026-07-14
guest-post,kichcaudulichtphcm.vn,Guest post,Bai dang tren site,800000,,"1000 từ, 3-5 ảnh, 2 link nof","Ton tai theo domain, link cam ket toi thieu 2 nam",1,2026-07-14
guest-post,lamdongtoplist.com,Guest post,Bai dang tren site,1000000,,"1000 từ, 3-5 ảnh, 2 link nof","Ton tai theo domain, link cam ket toi thieu 2 nam",1,2026-07-14
guest-post,ngheantoplist.net,Guest post,Bai dang tren site,1000000,,"1000 từ, 3-5 ảnh, 2 link nof","Ton tai theo domain, link cam ket toi thieu 2 nam",1,2026-07-14
guest-post,nhahangbachkim.com,Guest post,Bai dang tren site,500000,,"1000 từ, 3-5 ảnh, 2 link nof","Ton tai theo domain, link cam ket toi thieu 2 nam",1,2026-07-14
guest-post,ninhbinhtoplist.com,Guest post,Bai dang tren site,1000000,,"1000 từ, 3-5 ảnh, 2 link nof","Ton tai theo domain, link cam ket toi thieu 2 nam",1,2026-07-14
guest-post,phuthotoplist.com,Guest post,Bai dang tren site,1000000,,"1000 từ, 3-5 ảnh, 2 link nof","Ton tai theo domain, link cam ket toi thieu 2 nam",1,2026-07-14
guest-post,powersteam.vn,Guest post,Bai dang tren site,1200000,,"1000 từ, 3-5 ảnh, 2 link nof","Ton tai theo domain, link cam ket toi thieu 2 nam",1,2026-07-14
guest-post,qta.org.vn,Guest post,Bai dang tren site,800000,,"1000 từ, 3-5 ảnh, 2 link nof","Ton tai theo domain, link cam ket toi thieu 2 nam",1,2026-07-14
guest-post,quangbinhtoplist.com,Guest post,Bai dang tren site,1000000,,"1000 từ, 3-5 ảnh, 2 link nof","Ton tai theo domain, link cam ket toi thieu 2 nam",1,2026-07-14
guest-post,quangnamtoplist.com,Guest post,Bai dang tren site,1000000,,"1000 từ, 3-5 ảnh, 2 link nof","Ton tai theo domain, link cam ket toi thieu 2 nam",1,2026-07-14
guest-post,quangninhtoplist.com,Guest post,Bai dang tren site,1000000,,"1000 từ, 3-5 ảnh, 2 link nof","Ton tai theo domain, link cam ket toi thieu 2 nam",1,2026-07-14
guest-post,quynhonreview.vn,Guest post,Bai dang tren site,1200000,,"1000 từ, 3-5 ảnh, 2 link dof","Ton tai theo domain, link cam ket toi thieu 2 nam",1,2026-07-14
guest-post,saigonreview.vn,Guest post,Bai dang tren site,1200000,,"1000 từ, 3-5 ảnh, 2 link dof","Ton tai theo domain, link cam ket toi thieu 2 nam",1,2026-07-14
guest-post,suoiluong.com.vn,Guest post,Bai dang tren site,500000,,"1000 từ, 3-5 ảnh, 2 link nof","Ton tai theo domain, link cam ket toi thieu 2 nam",1,2026-07-14
guest-post,thaibinhtoplist.com,Guest post,Bai dang tren site,1000000,,"1000 từ, 3-5 ảnh, 2 link nof","Ton tai theo domain, link cam ket toi thieu 2 nam",1,2026-07-14
guest-post,thanhhoatoplist.com,Guest post,Bai dang tren site,1000000,,"1000 từ, 3-5 ảnh, 2 link nof","Ton tai theo domain, link cam ket toi thieu 2 nam",1,2026-07-14
guest-post,thanhpho.danang.vn,Guest post,Bai dang tren site,1000000,,"1000 từ, 3-5 ảnh, 2 link nof","Ton tai theo domain, link cam ket toi thieu 2 nam",1,2026-07-14
guest-post,thucanh.vn,Guest post,Bai dang tren site,1000000,,"1000 từ, 3-5 ảnh, 2 link nof","Ton tai theo domain, link cam ket toi thieu 2 nam",1,2026-07-14
guest-post,tiengiangtoplist.vn,Guest post,Bai dang tren site,1000000,,"1000 từ, 3-5 ảnh, 2 link nof","Ton tai theo domain, link cam ket toi thieu 2 nam",1,2026-07-14
guest-post,top10danang.com,Guest post,Bai dang tren site,1000000,,"1000 từ, 3-5 ảnh, 2 link nof","Ton tai theo domain, link cam ket toi thieu 2 nam",1,2026-07-14
guest-post,topaz.vn,Guest post,Bai dang tren site,1200000,,"1000 từ, 3-5 ảnh, 2 link nof","Ton tai theo domain, link cam ket toi thieu 2 nam",1,2026-07-14
guest-post,vietnam.travel,Guest post,Bai dang tren site,25000000,,"1000 từ, 3-5 ảnh, 2 link nof","Ton tai theo domain, link cam ket toi thieu 2 nam",1,2026-07-14
guest-post,vietnamtourism.gov.vn,Guest post,Bai dang tren site,10000000,,"1000 từ, 3-5 ảnh, 2 link nof","Ton tai theo domain, link cam ket toi thieu 2 nam",1,2026-07-14
guest-post,vinhlongtoplist.com,Guest post,Bai dang tren site,1000000,,"1000 từ, 3-5 ảnh, 2 link nof","Ton tai theo domain, link cam ket toi thieu 2 nam",1,2026-07-14
guest-post,wikithammy.com,Guest post,Bai dang tren site,1200000,,"1000 từ, 3-5 ảnh, 2 link nof","Ton tai theo domain, link cam ket toi thieu 2 nam",1,2026-07-14
textlink,goi a1 - textlink bao sidebar,Textlink bao (goi),Sidebar bai viet - 3 thang,2000000,1000 link sidebar,"Dat tren 30-37 trang bao, tang 200 link free",Goi A - 3 thang,1,2026-07-14
textlink,goi a2 - textlink bao sidebar,Textlink bao (goi),Sidebar bai viet - 3 thang,3100000,1500 link sidebar,"Dat tren 30-37 trang bao, tang 200 link free",Goi A - 3 thang,1,2026-07-14
textlink,goi a3 - textlink bao sidebar,Textlink bao (goi),Sidebar bai viet - 3 thang,3900000,2000 link sidebar,"Dat tren 30-37 trang bao, tang 200 link free",Goi A - 3 thang,1,2026-07-14
textlink,goi a4 - textlink bao sidebar,Textlink bao (goi),Sidebar bai viet - 3 thang,5600000,3000 link sidebar,"Dat tren 30-37 trang bao, tang 200 link free",Goi A - 3 thang,1,2026-07-14
textlink,goi a5 - textlink bao sidebar,Textlink bao (goi),Sidebar bai viet - 3 thang,8800000,5000 link sidebar,"Dat tren 30-37 trang bao, tang 200 link free",Goi A - 3 thang,1,2026-07-14
textlink,goi a6 - textlink bao sidebar,Textlink bao (goi),Sidebar bai viet - 3 thang,16800000,10000 link sidebar,"Dat tren 30-37 trang bao, tang 200 link free",Goi A - 3 thang,1,2026-07-14
textlink,goi a7 - textlink bao sidebar,Textlink bao (goi),Sidebar bai viet - 3 thang,24000000,15000 link sidebar,"Dat tren 30-37 trang bao, tang 200 link free",Goi A - 3 thang,1,2026-07-14
textlink,goi b1 - textlink bao sidebar,Textlink bao (goi),Sidebar bai viet - 6 thang,3300000,1000 link sidebar,"Dat tren 30-37 trang bao, tang 200 link free",Goi B - 6 thang,1,2026-07-14
textlink,goi b2 - textlink bao sidebar,Textlink bao (goi),Sidebar bai viet - 6 thang,5100000,1500 link sidebar,"Dat tren 30-37 trang bao, tang 200 link free",Goi B - 6 thang,1,2026-07-14
textlink,goi b3 - textlink bao sidebar,Textlink bao (goi),Sidebar bai viet - 6 thang,6400000,2000 link sidebar,"Dat tren 30-37 trang bao, tang 200 link free",Goi B - 6 thang,1,2026-07-14
textlink,goi b4 - textlink bao sidebar,Textlink bao (goi),Sidebar bai viet - 6 thang,9000000,3000 link sidebar,"Dat tren 30-37 trang bao, tang 200 link free",Goi B - 6 thang,1,2026-07-14
textlink,goi b5 - textlink bao sidebar,Textlink bao (goi),Sidebar bai viet - 6 thang,14800000,5000 link sidebar,"Dat tren 30-37 trang bao, tang 200 link free",Goi B - 6 thang,1,2026-07-14
textlink,goi b6 - textlink bao sidebar,Textlink bao (goi),Sidebar bai viet - 6 thang,26800000,10000 link sidebar,"Dat tren 30-37 trang bao, tang 200 link free",Goi B - 6 thang,1,2026-07-14
textlink,goi b7 - textlink bao sidebar,Textlink bao (goi),Sidebar bai viet - 6 thang,40000000,15000 link sidebar,"Dat tren 30-37 trang bao, tang 200 link free",Goi B - 6 thang,1,2026-07-14
textlink,anninhthudo.vn,Textlink home,Link chuyen muc - 3 thang,700000,1 link,3 thang,DR 47 | traffic 4.000.000/thang | Cơ quan công an thành phố Hà Nội,1,2026-07-14
textlink,anninhthudo.vn,Textlink home,Link chuyen muc - 6 thang,800000,1 link,6 thang,DR 47 | traffic 4.000.000/thang | Cơ quan công an thành phố Hà Nội,1,2026-07-14
textlink,anninhthudo.vn,Textlink home,Link chuyen muc - 12 thang,900000,1 link,12 thang,DR 47 | traffic 4.000.000/thang | Cơ quan công an thành phố Hà Nội,1,2026-07-14
textlink,anninhthudo.vn,Textlink home,Link trang chu - 3 thang,3000000,1 link,3 thang,DR 47 | traffic 4.000.000/thang | Cơ quan công an thành phố Hà Nội,1,2026-07-14
textlink,anninhthudo.vn,Textlink home,Link trang chu - 6 thang,3500000,1 link,6 thang,DR 47 | traffic 4.000.000/thang | Cơ quan công an thành phố Hà Nội,1,2026-07-14
textlink,anninhthudo.vn,Textlink home,Link trang chu - 12 thang,4000000,1 link,12 thang,DR 47 | traffic 4.000.000/thang | Cơ quan công an thành phố Hà Nội,1,2026-07-14
textlink,anninhthudo.vn,Textlink home,Link fullsite - 3 thang,4000000,1 link,3 thang,DR 47 | traffic 4.000.000/thang | Cơ quan công an thành phố Hà Nội,1,2026-07-14
textlink,anninhthudo.vn,Textlink home,Link fullsite - 6 thang,5000000,1 link,6 thang,DR 47 | traffic 4.000.000/thang | Cơ quan công an thành phố Hà Nội,1,2026-07-14
textlink,anninhthudo.vn,Textlink home,Link fullsite - 12 thang,6000000,1 link,12 thang,DR 47 | traffic 4.000.000/thang | Cơ quan công an thành phố Hà Nội,1,2026-07-14
textlink,baoangiang.com.vn,Textlink home,Link chuyen muc - 3 thang,500000,1 link,3 thang,DR 53 | traffic 780.000/thang | Cơ quan của đảng bộ ĐCS VN tỉnh An Giang,1,2026-07-14
textlink,baoangiang.com.vn,Textlink home,Link chuyen muc - 6 thang,600000,1 link,6 thang,DR 53 | traffic 780.000/thang | Cơ quan của đảng bộ ĐCS VN tỉnh An Giang,1,2026-07-14
textlink,baoangiang.com.vn,Textlink home,Link chuyen muc - 12 thang,700000,1 link,12 thang,DR 53 | traffic 780.000/thang | Cơ quan của đảng bộ ĐCS VN tỉnh An Giang,1,2026-07-14
textlink,baoangiang.com.vn,Textlink home,Link trang chu - 3 thang,1500000,1 link,3 thang,DR 53 | traffic 780.000/thang | Cơ quan của đảng bộ ĐCS VN tỉnh An Giang,1,2026-07-14
textlink,baoangiang.com.vn,Textlink home,Link trang chu - 6 thang,1800000,1 link,6 thang,DR 53 | traffic 780.000/thang | Cơ quan của đảng bộ ĐCS VN tỉnh An Giang,1,2026-07-14
textlink,baoangiang.com.vn,Textlink home,Link trang chu - 12 thang,2500000,1 link,12 thang,DR 53 | traffic 780.000/thang | Cơ quan của đảng bộ ĐCS VN tỉnh An Giang,1,2026-07-14
textlink,baoangiang.com.vn,Textlink home,Link fullsite - 3 thang,2500000,1 link,3 thang,DR 53 | traffic 780.000/thang | Cơ quan của đảng bộ ĐCS VN tỉnh An Giang,1,2026-07-14
textlink,baoangiang.com.vn,Textlink home,Link fullsite - 6 thang,3500000,1 link,6 thang,DR 53 | traffic 780.000/thang | Cơ quan của đảng bộ ĐCS VN tỉnh An Giang,1,2026-07-14
textlink,baoangiang.com.vn,Textlink home,Link fullsite - 12 thang,4500000,1 link,12 thang,DR 53 | traffic 780.000/thang | Cơ quan của đảng bộ ĐCS VN tỉnh An Giang,1,2026-07-14
textlink,baocamau.vn,Textlink home,Link chuyen muc - 3 thang,500000,1 link,3 thang,DR 34 | traffic 150.000/thang | Cơ quan của đảng bộ ĐCS VN tỉnh Cà Mau,1,2026-07-14
textlink,baocamau.vn,Textlink home,Link chuyen muc - 6 thang,600000,1 link,6 thang,DR 34 | traffic 150.000/thang | Cơ quan của đảng bộ ĐCS VN tỉnh Cà Mau,1,2026-07-14
textlink,baocamau.vn,Textlink home,Link chuyen muc - 12 thang,700000,1 link,12 thang,DR 34 | traffic 150.000/thang | Cơ quan của đảng bộ ĐCS VN tỉnh Cà Mau,1,2026-07-14
textlink,baocamau.vn,Textlink home,Link trang chu - 3 thang,1500000,1 link,3 thang,DR 34 | traffic 150.000/thang | Cơ quan của đảng bộ ĐCS VN tỉnh Cà Mau,1,2026-07-14
textlink,baocamau.vn,Textlink home,Link trang chu - 6 thang,1800000,1 link,6 thang,DR 34 | traffic 150.000/thang | Cơ quan của đảng bộ ĐCS VN tỉnh Cà Mau,1,2026-07-14
textlink,baocamau.vn,Textlink home,Link trang chu - 12 thang,2500000,1 link,12 thang,DR 34 | traffic 150.000/thang | Cơ quan của đảng bộ ĐCS VN tỉnh Cà Mau,1,2026-07-14
textlink,baocamau.vn,Textlink home,Link fullsite - 3 thang,2500000,1 link,3 thang,DR 34 | traffic 150.000/thang | Cơ quan của đảng bộ ĐCS VN tỉnh Cà Mau,1,2026-07-14
textlink,baocamau.vn,Textlink home,Link fullsite - 6 thang,3500000,1 link,6 thang,DR 34 | traffic 150.000/thang | Cơ quan của đảng bộ ĐCS VN tỉnh Cà Mau,1,2026-07-14
textlink,baocamau.vn,Textlink home,Link fullsite - 12 thang,4500000,1 link,12 thang,DR 34 | traffic 150.000/thang | Cơ quan của đảng bộ ĐCS VN tỉnh Cà Mau,1,2026-07-14
textlink,baocantho.com.vn,Textlink home,Link chuyen muc - 3 thang,500000,1 link,3 thang,DR 64 | traffic 1.300.000/thang | Cơ quan của đảng bộ ĐCS VN tỉnh Cần Thơ,1,2026-07-14
textlink,baocantho.com.vn,Textlink home,Link chuyen muc - 6 thang,600000,1 link,6 thang,DR 64 | traffic 1.300.000/thang | Cơ quan của đảng bộ ĐCS VN tỉnh Cần Thơ,1,2026-07-14
textlink,baocantho.com.vn,Textlink home,Link chuyen muc - 12 thang,700000,1 link,12 thang,DR 64 | traffic 1.300.000/thang | Cơ quan của đảng bộ ĐCS VN tỉnh Cần Thơ,1,2026-07-14
textlink,baocantho.com.vn,Textlink home,Link trang chu - 3 thang,1500000,1 link,3 thang,DR 64 | traffic 1.300.000/thang | Cơ quan của đảng bộ ĐCS VN tỉnh Cần Thơ,1,2026-07-14
textlink,baocantho.com.vn,Textlink home,Link trang chu - 6 thang,1800000,1 link,6 thang,DR 64 | traffic 1.300.000/thang | Cơ quan của đảng bộ ĐCS VN tỉnh Cần Thơ,1,2026-07-14
textlink,baocantho.com.vn,Textlink home,Link trang chu - 12 thang,2500000,1 link,12 thang,DR 64 | traffic 1.300.000/thang | Cơ quan của đảng bộ ĐCS VN tỉnh Cần Thơ,1,2026-07-14
textlink,baocantho.com.vn,Textlink home,Link fullsite - 3 thang,2500000,1 link,3 thang,DR 64 | traffic 1.300.000/thang | Cơ quan của đảng bộ ĐCS VN tỉnh Cần Thơ,1,2026-07-14
textlink,baocantho.com.vn,Textlink home,Link fullsite - 6 thang,3500000,1 link,6 thang,DR 64 | traffic 1.300.000/thang | Cơ quan của đảng bộ ĐCS VN tỉnh Cần Thơ,1,2026-07-14
textlink,baocantho.com.vn,Textlink home,Link fullsite - 12 thang,4500000,1 link,12 thang,DR 64 | traffic 1.300.000/thang | Cơ quan của đảng bộ ĐCS VN tỉnh Cần Thơ,1,2026-07-14
textlink,baodanang.vn,Textlink home,Link chuyen muc - 3 thang,700000,1 link,3 thang,DR 39 | traffic 2.330.000/thang | Cơ quan của đảng bộ ĐCS VN tỉnh Đà Nẵng,1,2026-07-14
textlink,baodanang.vn,Textlink home,Link chuyen muc - 6 thang,800000,1 link,6 thang,DR 39 | traffic 2.330.000/thang | Cơ quan của đảng bộ ĐCS VN tỉnh Đà Nẵng,1,2026-07-14
textlink,baodanang.vn,Textlink home,Link chuyen muc - 12 thang,900000,1 link,12 thang,DR 39 | traffic 2.330.000/thang | Cơ quan của đảng bộ ĐCS VN tỉnh Đà Nẵng,1,2026-07-14
textlink,baodanang.vn,Textlink home,Link trang chu - 3 thang,3000000,1 link,3 thang,DR 39 | traffic 2.330.000/thang | Cơ quan của đảng bộ ĐCS VN tỉnh Đà Nẵng,1,2026-07-14
textlink,baodanang.vn,Textlink home,Link trang chu - 6 thang,3500000,1 link,6 thang,DR 39 | traffic 2.330.000/thang | Cơ quan của đảng bộ ĐCS VN tỉnh Đà Nẵng,1,2026-07-14
textlink,baodanang.vn,Textlink home,Link trang chu - 12 thang,4000000,1 link,12 thang,DR 39 | traffic 2.330.000/thang | Cơ quan của đảng bộ ĐCS VN tỉnh Đà Nẵng,1,2026-07-14
textlink,baodanang.vn,Textlink home,Link fullsite - 3 thang,4000000,1 link,3 thang,DR 39 | traffic 2.330.000/thang | Cơ quan của đảng bộ ĐCS VN tỉnh Đà Nẵng,1,2026-07-14
textlink,baodanang.vn,Textlink home,Link fullsite - 6 thang,5000000,1 link,6 thang,DR 39 | traffic 2.330.000/thang | Cơ quan của đảng bộ ĐCS VN tỉnh Đà Nẵng,1,2026-07-14
textlink,baodanang.vn,Textlink home,Link fullsite - 12 thang,6000000,1 link,12 thang,DR 39 | traffic 2.330.000/thang | Cơ quan của đảng bộ ĐCS VN tỉnh Đà Nẵng,1,2026-07-14
textlink,baodongnai.com.vn,Textlink home,Link chuyen muc - 3 thang,700000,1 link,3 thang,DR 48 | traffic 1.600.000/thang | Cơ quan của đảng bộ ĐCS VN tỉnh Đồng Nai,1,2026-07-14
textlink,baodongnai.com.vn,Textlink home,Link chuyen muc - 6 thang,800000,1 link,6 thang,DR 48 | traffic 1.600.000/thang | Cơ quan của đảng bộ ĐCS VN tỉnh Đồng Nai,1,2026-07-14
textlink,baodongnai.com.vn,Textlink home,Link chuyen muc - 12 thang,900000,1 link,12 thang,DR 48 | traffic 1.600.000/thang | Cơ quan của đảng bộ ĐCS VN tỉnh Đồng Nai,1,2026-07-14
textlink,baodongnai.com.vn,Textlink home,Link trang chu - 3 thang,3000000,1 link,3 thang,DR 48 | traffic 1.600.000/thang | Cơ quan của đảng bộ ĐCS VN tỉnh Đồng Nai,1,2026-07-14
textlink,baodongnai.com.vn,Textlink home,Link trang chu - 6 thang,3500000,1 link,6 thang,DR 48 | traffic 1.600.000/thang | Cơ quan của đảng bộ ĐCS VN tỉnh Đồng Nai,1,2026-07-14
textlink,baodongnai.com.vn,Textlink home,Link trang chu - 12 thang,4000000,1 link,12 thang,DR 48 | traffic 1.600.000/thang | Cơ quan của đảng bộ ĐCS VN tỉnh Đồng Nai,1,2026-07-14
textlink,baodongnai.com.vn,Textlink home,Link fullsite - 3 thang,4000000,1 link,3 thang,DR 48 | traffic 1.600.000/thang | Cơ quan của đảng bộ ĐCS VN tỉnh Đồng Nai,1,2026-07-14
textlink,baodongnai.com.vn,Textlink home,Link fullsite - 6 thang,5000000,1 link,6 thang,DR 48 | traffic 1.600.000/thang | Cơ quan của đảng bộ ĐCS VN tỉnh Đồng Nai,1,2026-07-14
textlink,baodongnai.com.vn,Textlink home,Link fullsite - 12 thang,6000000,1 link,12 thang,DR 48 | traffic 1.600.000/thang | Cơ quan của đảng bộ ĐCS VN tỉnh Đồng Nai,1,2026-07-14
textlink,baogialai.com.vn,Textlink home,Link chuyen muc - 3 thang,500000,1 link,3 thang,DR 29 | traffic 210.000/thang | Cơ quan của đảng bộ ĐCS VN tỉnh Gia Lai,1,2026-07-14
textlink,baogialai.com.vn,Textlink home,Link chuyen muc - 6 thang,600000,1 link,6 thang,DR 29 | traffic 210.000/thang | Cơ quan của đảng bộ ĐCS VN tỉnh Gia Lai,1,2026-07-14
textlink,baogialai.com.vn,Textlink home,Link chuyen muc - 12 thang,700000,1 link,12 thang,DR 29 | traffic 210.000/thang | Cơ quan của đảng bộ ĐCS VN tỉnh Gia Lai,1,2026-07-14
textlink,baogialai.com.vn,Textlink home,Link trang chu - 3 thang,1500000,1 link,3 thang,DR 29 | traffic 210.000/thang | Cơ quan của đảng bộ ĐCS VN tỉnh Gia Lai,1,2026-07-14
textlink,baogialai.com.vn,Textlink home,Link trang chu - 6 thang,1800000,1 link,6 thang,DR 29 | traffic 210.000/thang | Cơ quan của đảng bộ ĐCS VN tỉnh Gia Lai,1,2026-07-14
textlink,baogialai.com.vn,Textlink home,Link trang chu - 12 thang,2500000,1 link,12 thang,DR 29 | traffic 210.000/thang | Cơ quan của đảng bộ ĐCS VN tỉnh Gia Lai,1,2026-07-14
textlink,baogialai.com.vn,Textlink home,Link fullsite - 3 thang,2500000,1 link,3 thang,DR 29 | traffic 210.000/thang | Cơ quan của đảng bộ ĐCS VN tỉnh Gia Lai,1,2026-07-14
textlink,baogialai.com.vn,Textlink home,Link fullsite - 6 thang,3500000,1 link,6 thang,DR 29 | traffic 210.000/thang | Cơ quan của đảng bộ ĐCS VN tỉnh Gia Lai,1,2026-07-14
textlink,baogialai.com.vn,Textlink home,Link fullsite - 12 thang,4500000,1 link,12 thang,DR 29 | traffic 210.000/thang | Cơ quan của đảng bộ ĐCS VN tỉnh Gia Lai,1,2026-07-14
textlink,baolangson.vn,Textlink home,Link chuyen muc - 3 thang,500000,1 link,3 thang,DR 34 | traffic 350.000/thang | Cơ quan của đảng bộ ĐCS VN tỉnh Lạng Sơn,1,2026-07-14
textlink,baolangson.vn,Textlink home,Link chuyen muc - 6 thang,600000,1 link,6 thang,DR 34 | traffic 350.000/thang | Cơ quan của đảng bộ ĐCS VN tỉnh Lạng Sơn,1,2026-07-14
textlink,baolangson.vn,Textlink home,Link chuyen muc - 12 thang,700000,1 link,12 thang,DR 34 | traffic 350.000/thang | Cơ quan của đảng bộ ĐCS VN tỉnh Lạng Sơn,1,2026-07-14
textlink,baolangson.vn,Textlink home,Link trang chu - 3 thang,1500000,1 link,3 thang,DR 34 | traffic 350.000/thang | Cơ quan của đảng bộ ĐCS VN tỉnh Lạng Sơn,1,2026-07-14
textlink,baolangson.vn,Textlink home,Link trang chu - 6 thang,1800000,1 link,6 thang,DR 34 | traffic 350.000/thang | Cơ quan của đảng bộ ĐCS VN tỉnh Lạng Sơn,1,2026-07-14
textlink,baolangson.vn,Textlink home,Link trang chu - 12 thang,2500000,1 link,12 thang,DR 34 | traffic 350.000/thang | Cơ quan của đảng bộ ĐCS VN tỉnh Lạng Sơn,1,2026-07-14
textlink,baolangson.vn,Textlink home,Link fullsite - 3 thang,2500000,1 link,3 thang,DR 34 | traffic 350.000/thang | Cơ quan của đảng bộ ĐCS VN tỉnh Lạng Sơn,1,2026-07-14
textlink,baolangson.vn,Textlink home,Link fullsite - 6 thang,3500000,1 link,6 thang,DR 34 | traffic 350.000/thang | Cơ quan của đảng bộ ĐCS VN tỉnh Lạng Sơn,1,2026-07-14
textlink,baolangson.vn,Textlink home,Link fullsite - 12 thang,4500000,1 link,12 thang,DR 34 | traffic 350.000/thang | Cơ quan của đảng bộ ĐCS VN tỉnh Lạng Sơn,1,2026-07-14
textlink,baolaocai.vn,Textlink home,Link chuyen muc - 3 thang,500000,1 link,3 thang,DR 49 | traffic 290.000/thang | Cơ quan của đảng bộ ĐCS VN tỉnh Lào Cai,1,2026-07-14
textlink,baolaocai.vn,Textlink home,Link chuyen muc - 6 thang,600000,1 link,6 thang,DR 49 | traffic 290.000/thang | Cơ quan của đảng bộ ĐCS VN tỉnh Lào Cai,1,2026-07-14
textlink,baolaocai.vn,Textlink home,Link chuyen muc - 12 thang,700000,1 link,12 thang,DR 49 | traffic 290.000/thang | Cơ quan của đảng bộ ĐCS VN tỉnh Lào Cai,1,2026-07-14
textlink,baolaocai.vn,Textlink home,Link trang chu - 3 thang,1500000,1 link,3 thang,DR 49 | traffic 290.000/thang | Cơ quan của đảng bộ ĐCS VN tỉnh Lào Cai,1,2026-07-14
textlink,baolaocai.vn,Textlink home,Link trang chu - 6 thang,1800000,1 link,6 thang,DR 49 | traffic 290.000/thang | Cơ quan của đảng bộ ĐCS VN tỉnh Lào Cai,1,2026-07-14
textlink,baolaocai.vn,Textlink home,Link trang chu - 12 thang,2500000,1 link,12 thang,DR 49 | traffic 290.000/thang | Cơ quan của đảng bộ ĐCS VN tỉnh Lào Cai,1,2026-07-14
textlink,baolaocai.vn,Textlink home,Link fullsite - 3 thang,2500000,1 link,3 thang,DR 49 | traffic 290.000/thang | Cơ quan của đảng bộ ĐCS VN tỉnh Lào Cai,1,2026-07-14
textlink,baolaocai.vn,Textlink home,Link fullsite - 6 thang,3500000,1 link,6 thang,DR 49 | traffic 290.000/thang | Cơ quan của đảng bộ ĐCS VN tỉnh Lào Cai,1,2026-07-14
textlink,baolaocai.vn,Textlink home,Link fullsite - 12 thang,4500000,1 link,12 thang,DR 49 | traffic 290.000/thang | Cơ quan của đảng bộ ĐCS VN tỉnh Lào Cai,1,2026-07-14
textlink,baophapluat.vn,Textlink home,Link chuyen muc - 3 thang,700000,1 link,3 thang,DR 49 | traffic 2.600.000/thang | Báo điện tử Pháp luật Việt Nam,1,2026-07-14
textlink,baophapluat.vn,Textlink home,Link chuyen muc - 6 thang,800000,1 link,6 thang,DR 49 | traffic 2.600.000/thang | Báo điện tử Pháp luật Việt Nam,1,2026-07-14
textlink,baophapluat.vn,Textlink home,Link chuyen muc - 12 thang,900000,1 link,12 thang,DR 49 | traffic 2.600.000/thang | Báo điện tử Pháp luật Việt Nam,1,2026-07-14
textlink,baophapluat.vn,Textlink home,Link trang chu - 3 thang,3000000,1 link,3 thang,DR 49 | traffic 2.600.000/thang | Báo điện tử Pháp luật Việt Nam,1,2026-07-14
textlink,baophapluat.vn,Textlink home,Link trang chu - 6 thang,3500000,1 link,6 thang,DR 49 | traffic 2.600.000/thang | Báo điện tử Pháp luật Việt Nam,1,2026-07-14
textlink,baophapluat.vn,Textlink home,Link trang chu - 12 thang,4000000,1 link,12 thang,DR 49 | traffic 2.600.000/thang | Báo điện tử Pháp luật Việt Nam,1,2026-07-14
textlink,baophapluat.vn,Textlink home,Link fullsite - 3 thang,4000000,1 link,3 thang,DR 49 | traffic 2.600.000/thang | Báo điện tử Pháp luật Việt Nam,1,2026-07-14
textlink,baophapluat.vn,Textlink home,Link fullsite - 6 thang,5000000,1 link,6 thang,DR 49 | traffic 2.600.000/thang | Báo điện tử Pháp luật Việt Nam,1,2026-07-14
textlink,baophapluat.vn,Textlink home,Link fullsite - 12 thang,6000000,1 link,12 thang,DR 49 | traffic 2.600.000/thang | Báo điện tử Pháp luật Việt Nam,1,2026-07-14
textlink,baothainguyen.vn,Textlink home,Link chuyen muc - 3 thang,500000,1 link,3 thang,DR 34 | traffic 400.000/thang | Cơ quan của đảng bộ ĐCS VN tỉnh Thái Nguyên,1,2026-07-14
textlink,baothainguyen.vn,Textlink home,Link chuyen muc - 6 thang,600000,1 link,6 thang,DR 34 | traffic 400.000/thang | Cơ quan của đảng bộ ĐCS VN tỉnh Thái Nguyên,1,2026-07-14
textlink,baothainguyen.vn,Textlink home,Link chuyen muc - 12 thang,700000,1 link,12 thang,DR 34 | traffic 400.000/thang | Cơ quan của đảng bộ ĐCS VN tỉnh Thái Nguyên,1,2026-07-14
textlink,baothainguyen.vn,Textlink home,Link trang chu - 3 thang,1500000,1 link,3 thang,DR 34 | traffic 400.000/thang | Cơ quan của đảng bộ ĐCS VN tỉnh Thái Nguyên,1,2026-07-14
textlink,baothainguyen.vn,Textlink home,Link trang chu - 6 thang,1800000,1 link,6 thang,DR 34 | traffic 400.000/thang | Cơ quan của đảng bộ ĐCS VN tỉnh Thái Nguyên,1,2026-07-14
textlink,baothainguyen.vn,Textlink home,Link trang chu - 12 thang,2500000,1 link,12 thang,DR 34 | traffic 400.000/thang | Cơ quan của đảng bộ ĐCS VN tỉnh Thái Nguyên,1,2026-07-14
textlink,baothainguyen.vn,Textlink home,Link fullsite - 3 thang,2500000,1 link,3 thang,DR 34 | traffic 400.000/thang | Cơ quan của đảng bộ ĐCS VN tỉnh Thái Nguyên,1,2026-07-14
textlink,baothainguyen.vn,Textlink home,Link fullsite - 6 thang,3500000,1 link,6 thang,DR 34 | traffic 400.000/thang | Cơ quan của đảng bộ ĐCS VN tỉnh Thái Nguyên,1,2026-07-14
textlink,baothainguyen.vn,Textlink home,Link fullsite - 12 thang,4500000,1 link,12 thang,DR 34 | traffic 400.000/thang | Cơ quan của đảng bộ ĐCS VN tỉnh Thái Nguyên,1,2026-07-14
textlink,baotuyenquang.com.vn,Textlink home,Link chuyen muc - 3 thang,500000,1 link,3 thang,DR 57 | traffic 270.000/thang | Cơ quan của đảng bộ ĐCS VN tỉnh Tuyên Quang,1,2026-07-14
textlink,baotuyenquang.com.vn,Textlink home,Link chuyen muc - 6 thang,600000,1 link,6 thang,DR 57 | traffic 270.000/thang | Cơ quan của đảng bộ ĐCS VN tỉnh Tuyên Quang,1,2026-07-14
textlink,baotuyenquang.com.vn,Textlink home,Link chuyen muc - 12 thang,700000,1 link,12 thang,DR 57 | traffic 270.000/thang | Cơ quan của đảng bộ ĐCS VN tỉnh Tuyên Quang,1,2026-07-14
textlink,baotuyenquang.com.vn,Textlink home,Link trang chu - 3 thang,1500000,1 link,3 thang,DR 57 | traffic 270.000/thang | Cơ quan của đảng bộ ĐCS VN tỉnh Tuyên Quang,1,2026-07-14
textlink,baotuyenquang.com.vn,Textlink home,Link trang chu - 6 thang,1800000,1 link,6 thang,DR 57 | traffic 270.000/thang | Cơ quan của đảng bộ ĐCS VN tỉnh Tuyên Quang,1,2026-07-14
textlink,baotuyenquang.com.vn,Textlink home,Link trang chu - 12 thang,2500000,1 link,12 thang,DR 57 | traffic 270.000/thang | Cơ quan của đảng bộ ĐCS VN tỉnh Tuyên Quang,1,2026-07-14
textlink,baotuyenquang.com.vn,Textlink home,Link fullsite - 3 thang,2500000,1 link,3 thang,DR 57 | traffic 270.000/thang | Cơ quan của đảng bộ ĐCS VN tỉnh Tuyên Quang,1,2026-07-14
textlink,baotuyenquang.com.vn,Textlink home,Link fullsite - 6 thang,3500000,1 link,6 thang,DR 57 | traffic 270.000/thang | Cơ quan của đảng bộ ĐCS VN tỉnh Tuyên Quang,1,2026-07-14
textlink,baotuyenquang.com.vn,Textlink home,Link fullsite - 12 thang,4500000,1 link,12 thang,DR 57 | traffic 270.000/thang | Cơ quan của đảng bộ ĐCS VN tỉnh Tuyên Quang,1,2026-07-14
textlink,baovanhoa.vn,Textlink home,Link chuyen muc - 3 thang,500000,1 link,3 thang,DR 55 | traffic 597.000/thang | Báo điện tử Báo Văn Hoá,1,2026-07-14
textlink,baovanhoa.vn,Textlink home,Link chuyen muc - 6 thang,600000,1 link,6 thang,DR 55 | traffic 597.000/thang | Báo điện tử Báo Văn Hoá,1,2026-07-14
textlink,baovanhoa.vn,Textlink home,Link chuyen muc - 12 thang,700000,1 link,12 thang,DR 55 | traffic 597.000/thang | Báo điện tử Báo Văn Hoá,1,2026-07-14
textlink,baovanhoa.vn,Textlink home,Link trang chu - 3 thang,1500000,1 link,3 thang,DR 55 | traffic 597.000/thang | Báo điện tử Báo Văn Hoá,1,2026-07-14
textlink,baovanhoa.vn,Textlink home,Link trang chu - 6 thang,1800000,1 link,6 thang,DR 55 | traffic 597.000/thang | Báo điện tử Báo Văn Hoá,1,2026-07-14
textlink,baovanhoa.vn,Textlink home,Link trang chu - 12 thang,2500000,1 link,12 thang,DR 55 | traffic 597.000/thang | Báo điện tử Báo Văn Hoá,1,2026-07-14
textlink,baovanhoa.vn,Textlink home,Link fullsite - 3 thang,2500000,1 link,3 thang,DR 55 | traffic 597.000/thang | Báo điện tử Báo Văn Hoá,1,2026-07-14
textlink,baovanhoa.vn,Textlink home,Link fullsite - 6 thang,3500000,1 link,6 thang,DR 55 | traffic 597.000/thang | Báo điện tử Báo Văn Hoá,1,2026-07-14
textlink,baovanhoa.vn,Textlink home,Link fullsite - 12 thang,4500000,1 link,12 thang,DR 55 | traffic 597.000/thang | Báo điện tử Báo Văn Hoá,1,2026-07-14
textlink,congly.vn,Textlink home,Link chuyen muc - 3 thang,700000,1 link,3 thang,DR 59 | traffic 2.300.000/thang | Cơ quan ngôn luận toà án nhân dân tối cao,1,2026-07-14
textlink,congly.vn,Textlink home,Link chuyen muc - 6 thang,800000,1 link,6 thang,DR 59 | traffic 2.300.000/thang | Cơ quan ngôn luận toà án nhân dân tối cao,1,2026-07-14
textlink,congly.vn,Textlink home,Link chuyen muc - 12 thang,900000,1 link,12 thang,DR 59 | traffic 2.300.000/thang | Cơ quan ngôn luận toà án nhân dân tối cao,1,2026-07-14
textlink,congly.vn,Textlink home,Link trang chu - 3 thang,3000000,1 link,3 thang,DR 59 | traffic 2.300.000/thang | Cơ quan ngôn luận toà án nhân dân tối cao,1,2026-07-14
textlink,congly.vn,Textlink home,Link trang chu - 6 thang,3500000,1 link,6 thang,DR 59 | traffic 2.300.000/thang | Cơ quan ngôn luận toà án nhân dân tối cao,1,2026-07-14
textlink,congly.vn,Textlink home,Link trang chu - 12 thang,4000000,1 link,12 thang,DR 59 | traffic 2.300.000/thang | Cơ quan ngôn luận toà án nhân dân tối cao,1,2026-07-14
textlink,congly.vn,Textlink home,Link fullsite - 3 thang,4000000,1 link,3 thang,DR 59 | traffic 2.300.000/thang | Cơ quan ngôn luận toà án nhân dân tối cao,1,2026-07-14
textlink,congly.vn,Textlink home,Link fullsite - 6 thang,5000000,1 link,6 thang,DR 59 | traffic 2.300.000/thang | Cơ quan ngôn luận toà án nhân dân tối cao,1,2026-07-14
textlink,congly.vn,Textlink home,Link fullsite - 12 thang,6000000,1 link,12 thang,DR 59 | traffic 2.300.000/thang | Cơ quan ngôn luận toà án nhân dân tối cao,1,2026-07-14
textlink,doanhnghiephoinhap.vn,Textlink home,Link chuyen muc - 3 thang,500000,1 link,3 thang,DR 54 | traffic 880.000/thang | TẠP CHÍ ĐIỆN TỬ DOANH NGHIỆP VÀ HỘI NHẬP,1,2026-07-14
textlink,doanhnghiephoinhap.vn,Textlink home,Link chuyen muc - 6 thang,600000,1 link,6 thang,DR 54 | traffic 880.000/thang | TẠP CHÍ ĐIỆN TỬ DOANH NGHIỆP VÀ HỘI NHẬP,1,2026-07-14
textlink,doanhnghiephoinhap.vn,Textlink home,Link chuyen muc - 12 thang,700000,1 link,12 thang,DR 54 | traffic 880.000/thang | TẠP CHÍ ĐIỆN TỬ DOANH NGHIỆP VÀ HỘI NHẬP,1,2026-07-14
textlink,doanhnghiephoinhap.vn,Textlink home,Link trang chu - 3 thang,1500000,1 link,3 thang,DR 54 | traffic 880.000/thang | TẠP CHÍ ĐIỆN TỬ DOANH NGHIỆP VÀ HỘI NHẬP,1,2026-07-14
textlink,doanhnghiephoinhap.vn,Textlink home,Link trang chu - 6 thang,1800000,1 link,6 thang,DR 54 | traffic 880.000/thang | TẠP CHÍ ĐIỆN TỬ DOANH NGHIỆP VÀ HỘI NHẬP,1,2026-07-14
textlink,doanhnghiephoinhap.vn,Textlink home,Link trang chu - 12 thang,2500000,1 link,12 thang,DR 54 | traffic 880.000/thang | TẠP CHÍ ĐIỆN TỬ DOANH NGHIỆP VÀ HỘI NHẬP,1,2026-07-14
textlink,doanhnghiephoinhap.vn,Textlink home,Link fullsite - 3 thang,2500000,1 link,3 thang,DR 54 | traffic 880.000/thang | TẠP CHÍ ĐIỆN TỬ DOANH NGHIỆP VÀ HỘI NHẬP,1,2026-07-14
textlink,doanhnghiephoinhap.vn,Textlink home,Link fullsite - 6 thang,3500000,1 link,6 thang,DR 54 | traffic 880.000/thang | TẠP CHÍ ĐIỆN TỬ DOANH NGHIỆP VÀ HỘI NHẬP,1,2026-07-14
textlink,doanhnghiephoinhap.vn,Textlink home,Link fullsite - 12 thang,4500000,1 link,12 thang,DR 54 | traffic 880.000/thang | TẠP CHÍ ĐIỆN TỬ DOANH NGHIỆP VÀ HỘI NHẬP,1,2026-07-14
textlink,giaoducthoidai.vn,Textlink home,Link chuyen muc - 3 thang,700000,1 link,3 thang,DR 21 | traffic 7.000.000/thang | Cơ quan của Bộ Kế hoạch,1,2026-07-14
textlink,giaoducthoidai.vn,Textlink home,Link chuyen muc - 6 thang,800000,1 link,6 thang,DR 21 | traffic 7.000.000/thang | Cơ quan của Bộ Kế hoạch,1,2026-07-14
textlink,giaoducthoidai.vn,Textlink home,Link chuyen muc - 12 thang,900000,1 link,12 thang,DR 21 | traffic 7.000.000/thang | Cơ quan của Bộ Kế hoạch,1,2026-07-14
textlink,giaoducthoidai.vn,Textlink home,Link trang chu - 3 thang,3000000,1 link,3 thang,DR 21 | traffic 7.000.000/thang | Cơ quan của Bộ Kế hoạch,1,2026-07-14
textlink,giaoducthoidai.vn,Textlink home,Link trang chu - 6 thang,3500000,1 link,6 thang,DR 21 | traffic 7.000.000/thang | Cơ quan của Bộ Kế hoạch,1,2026-07-14
textlink,giaoducthoidai.vn,Textlink home,Link trang chu - 12 thang,4000000,1 link,12 thang,DR 21 | traffic 7.000.000/thang | Cơ quan của Bộ Kế hoạch,1,2026-07-14
textlink,giaoducthoidai.vn,Textlink home,Link fullsite - 3 thang,4000000,1 link,3 thang,DR 21 | traffic 7.000.000/thang | Cơ quan của Bộ Kế hoạch,1,2026-07-14
textlink,giaoducthoidai.vn,Textlink home,Link fullsite - 6 thang,5000000,1 link,6 thang,DR 21 | traffic 7.000.000/thang | Cơ quan của Bộ Kế hoạch,1,2026-07-14
textlink,giaoducthoidai.vn,Textlink home,Link fullsite - 12 thang,6000000,1 link,12 thang,DR 21 | traffic 7.000.000/thang | Cơ quan của Bộ Kế hoạch,1,2026-07-14
textlink,hanoimoi.vn,Textlink home,Link chuyen muc - 3 thang,700000,1 link,3 thang,DR 59 | traffic 2.100.000/thang | Báo điện tử Hà Nội Mới,1,2026-07-14
textlink,hanoimoi.vn,Textlink home,Link chuyen muc - 6 thang,800000,1 link,6 thang,DR 59 | traffic 2.100.000/thang | Báo điện tử Hà Nội Mới,1,2026-07-14
textlink,hanoimoi.vn,Textlink home,Link chuyen muc - 12 thang,900000,1 link,12 thang,DR 59 | traffic 2.100.000/thang | Báo điện tử Hà Nội Mới,1,2026-07-14
textlink,hanoimoi.vn,Textlink home,Link trang chu - 3 thang,3000000,1 link,3 thang,DR 59 | traffic 2.100.000/thang | Báo điện tử Hà Nội Mới,1,2026-07-14
textlink,hanoimoi.vn,Textlink home,Link trang chu - 6 thang,3500000,1 link,6 thang,DR 59 | traffic 2.100.000/thang | Báo điện tử Hà Nội Mới,1,2026-07-14
textlink,hanoimoi.vn,Textlink home,Link trang chu - 12 thang,4000000,1 link,12 thang,DR 59 | traffic 2.100.000/thang | Báo điện tử Hà Nội Mới,1,2026-07-14
textlink,hanoimoi.vn,Textlink home,Link fullsite - 3 thang,4000000,1 link,3 thang,DR 59 | traffic 2.100.000/thang | Báo điện tử Hà Nội Mới,1,2026-07-14
textlink,hanoimoi.vn,Textlink home,Link fullsite - 6 thang,5000000,1 link,6 thang,DR 59 | traffic 2.100.000/thang | Báo điện tử Hà Nội Mới,1,2026-07-14
textlink,hanoimoi.vn,Textlink home,Link fullsite - 12 thang,6000000,1 link,12 thang,DR 59 | traffic 2.100.000/thang | Báo điện tử Hà Nội Mới,1,2026-07-14
textlink,hanoitimes.vn,Textlink home,Link chuyen muc - 3 thang,500000,1 link,3 thang,DR 53 | traffic 101.000/thang | Báo điện tử Pháp luật và xã hội,1,2026-07-14
textlink,hanoitimes.vn,Textlink home,Link chuyen muc - 6 thang,600000,1 link,6 thang,DR 53 | traffic 101.000/thang | Báo điện tử Pháp luật và xã hội,1,2026-07-14
textlink,hanoitimes.vn,Textlink home,Link trang chu - 3 thang,700000,1 link,3 thang,DR 53 | traffic 101.000/thang | Báo điện tử Pháp luật và xã hội,1,2026-07-14
textlink,hanoitimes.vn,Textlink home,Link chuyen muc - 12 thang,700000,1 link,12 thang,DR 53 | traffic 101.000/thang | Báo điện tử Pháp luật và xã hội,1,2026-07-14
textlink,hanoitimes.vn,Textlink home,Link trang chu - 6 thang,900000,1 link,6 thang,DR 53 | traffic 101.000/thang | Báo điện tử Pháp luật và xã hội,1,2026-07-14
textlink,hanoitimes.vn,Textlink home,Link fullsite - 3 thang,1000000,1 link,3 thang,DR 53 | traffic 101.000/thang | Báo điện tử Pháp luật và xã hội,1,2026-07-14
textlink,hanoitimes.vn,Textlink home,Link trang chu - 12 thang,1100000,1 link,12 thang,DR 53 | traffic 101.000/thang | Báo điện tử Pháp luật và xã hội,1,2026-07-14
textlink,hanoitimes.vn,Textlink home,Link fullsite - 6 thang,12000001400000,1 link,6 thang,DR 53 | traffic 101.000/thang | Báo điện tử Pháp luật và xã hội,1,2026-07-14
textlink,home.vn,Textlink home,Link chuyen muc - 3 thang,700000,1 link,3 thang,DR 62 | traffic 2.200.000/thang | CÔNG TY TNHH VIỆT NAM ĐÁNH GIÁ,1,2026-07-14
textlink,home.vn,Textlink home,Link chuyen muc - 6 thang,800000,1 link,6 thang,DR 62 | traffic 2.200.000/thang | CÔNG TY TNHH VIỆT NAM ĐÁNH GIÁ,1,2026-07-14
textlink,home.vn,Textlink home,Link chuyen muc - 12 thang,900000,1 link,12 thang,DR 62 | traffic 2.200.000/thang | CÔNG TY TNHH VIỆT NAM ĐÁNH GIÁ,1,2026-07-14
textlink,home.vn,Textlink home,Link trang chu - 3 thang,3000000,1 link,3 thang,DR 62 | traffic 2.200.000/thang | CÔNG TY TNHH VIỆT NAM ĐÁNH GIÁ,1,2026-07-14
textlink,home.vn,Textlink home,Link trang chu - 6 thang,3500000,1 link,6 thang,DR 62 | traffic 2.200.000/thang | CÔNG TY TNHH VIỆT NAM ĐÁNH GIÁ,1,2026-07-14
textlink,home.vn,Textlink home,Link trang chu - 12 thang,4000000,1 link,12 thang,DR 62 | traffic 2.200.000/thang | CÔNG TY TNHH VIỆT NAM ĐÁNH GIÁ,1,2026-07-14
textlink,home.vn,Textlink home,Link fullsite - 3 thang,4000000,1 link,3 thang,DR 62 | traffic 2.200.000/thang | CÔNG TY TNHH VIỆT NAM ĐÁNH GIÁ,1,2026-07-14
textlink,home.vn,Textlink home,Link fullsite - 6 thang,5000000,1 link,6 thang,DR 62 | traffic 2.200.000/thang | CÔNG TY TNHH VIỆT NAM ĐÁNH GIÁ,1,2026-07-14
textlink,home.vn,Textlink home,Link fullsite - 12 thang,6000000,1 link,12 thang,DR 62 | traffic 2.200.000/thang | CÔNG TY TNHH VIỆT NAM ĐÁNH GIÁ,1,2026-07-14
textlink,huengaynay.vn,Textlink home,Link chuyen muc - 3 thang,500000,1 link,3 thang,DR 34 | traffic 300.000/thang | Cơ quan của đảng bộ ĐCS VN Tỉnh Thừa Thiên Huế,1,2026-07-14
textlink,huengaynay.vn,Textlink home,Link chuyen muc - 6 thang,600000,1 link,6 thang,DR 34 | traffic 300.000/thang | Cơ quan của đảng bộ ĐCS VN Tỉnh Thừa Thiên Huế,1,2026-07-14
textlink,huengaynay.vn,Textlink home,Link chuyen muc - 12 thang,700000,1 link,12 thang,DR 34 | traffic 300.000/thang | Cơ quan của đảng bộ ĐCS VN Tỉnh Thừa Thiên Huế,1,2026-07-14
textlink,huengaynay.vn,Textlink home,Link trang chu - 3 thang,1500000,1 link,3 thang,DR 34 | traffic 300.000/thang | Cơ quan của đảng bộ ĐCS VN Tỉnh Thừa Thiên Huế,1,2026-07-14
textlink,huengaynay.vn,Textlink home,Link trang chu - 6 thang,1800000,1 link,6 thang,DR 34 | traffic 300.000/thang | Cơ quan của đảng bộ ĐCS VN Tỉnh Thừa Thiên Huế,1,2026-07-14
textlink,huengaynay.vn,Textlink home,Link trang chu - 12 thang,2500000,1 link,12 thang,DR 34 | traffic 300.000/thang | Cơ quan của đảng bộ ĐCS VN Tỉnh Thừa Thiên Huế,1,2026-07-14
textlink,huengaynay.vn,Textlink home,Link fullsite - 3 thang,2500000,1 link,3 thang,DR 34 | traffic 300.000/thang | Cơ quan của đảng bộ ĐCS VN Tỉnh Thừa Thiên Huế,1,2026-07-14
textlink,huengaynay.vn,Textlink home,Link fullsite - 6 thang,3500000,1 link,6 thang,DR 34 | traffic 300.000/thang | Cơ quan của đảng bộ ĐCS VN Tỉnh Thừa Thiên Huế,1,2026-07-14
textlink,huengaynay.vn,Textlink home,Link fullsite - 12 thang,4500000,1 link,12 thang,DR 34 | traffic 300.000/thang | Cơ quan của đảng bộ ĐCS VN Tỉnh Thừa Thiên Huế,1,2026-07-14
textlink,nguoidothi.net.vn,Textlink home,Link chuyen muc - 3 thang,500000,1 link,3 thang,DR 31 | traffic 322.000/thang | Tạp chí điện tử Người Đô Thị,1,2026-07-14
textlink,nguoidothi.net.vn,Textlink home,Link chuyen muc - 6 thang,600000,1 link,6 thang,DR 31 | traffic 322.000/thang | Tạp chí điện tử Người Đô Thị,1,2026-07-14
textlink,nguoidothi.net.vn,Textlink home,Link chuyen muc - 12 thang,700000,1 link,12 thang,DR 31 | traffic 322.000/thang | Tạp chí điện tử Người Đô Thị,1,2026-07-14
textlink,nguoidothi.net.vn,Textlink home,Link trang chu - 3 thang,1500000,1 link,3 thang,DR 31 | traffic 322.000/thang | Tạp chí điện tử Người Đô Thị,1,2026-07-14
textlink,nguoidothi.net.vn,Textlink home,Link trang chu - 6 thang,1800000,1 link,6 thang,DR 31 | traffic 322.000/thang | Tạp chí điện tử Người Đô Thị,1,2026-07-14
textlink,nguoidothi.net.vn,Textlink home,Link trang chu - 12 thang,2500000,1 link,12 thang,DR 31 | traffic 322.000/thang | Tạp chí điện tử Người Đô Thị,1,2026-07-14
textlink,nguoidothi.net.vn,Textlink home,Link fullsite - 3 thang,2500000,1 link,3 thang,DR 31 | traffic 322.000/thang | Tạp chí điện tử Người Đô Thị,1,2026-07-14
textlink,nguoidothi.net.vn,Textlink home,Link fullsite - 6 thang,3500000,1 link,6 thang,DR 31 | traffic 322.000/thang | Tạp chí điện tử Người Đô Thị,1,2026-07-14
textlink,nguoidothi.net.vn,Textlink home,Link fullsite - 12 thang,4500000,1 link,12 thang,DR 31 | traffic 322.000/thang | Tạp chí điện tử Người Đô Thị,1,2026-07-14
textlink,phunuvagiadinh.vn,Textlink home,Link chuyen muc - 3 thang,500000,1 link,3 thang,DR 53 | traffic 135.000/thang | TẠP CHÍ ĐIỆN TỬ PHỤ NỮ VÀ GIA ĐÌNH,1,2026-07-14
textlink,phunuvagiadinh.vn,Textlink home,Link chuyen muc - 6 thang,600000,1 link,6 thang,DR 53 | traffic 135.000/thang | TẠP CHÍ ĐIỆN TỬ PHỤ NỮ VÀ GIA ĐÌNH,1,2026-07-14
textlink,phunuvagiadinh.vn,Textlink home,Link trang chu - 3 thang,700000,1 link,3 thang,DR 53 | traffic 135.000/thang | TẠP CHÍ ĐIỆN TỬ PHỤ NỮ VÀ GIA ĐÌNH,1,2026-07-14
textlink,phunuvagiadinh.vn,Textlink home,Link chuyen muc - 12 thang,700000,1 link,12 thang,DR 53 | traffic 135.000/thang | TẠP CHÍ ĐIỆN TỬ PHỤ NỮ VÀ GIA ĐÌNH,1,2026-07-14
textlink,phunuvagiadinh.vn,Textlink home,Link trang chu - 6 thang,900000,1 link,6 thang,DR 53 | traffic 135.000/thang | TẠP CHÍ ĐIỆN TỬ PHỤ NỮ VÀ GIA ĐÌNH,1,2026-07-14
textlink,phunuvagiadinh.vn,Textlink home,Link fullsite - 3 thang,1000000,1 link,3 thang,DR 53 | traffic 135.000/thang | TẠP CHÍ ĐIỆN TỬ PHỤ NỮ VÀ GIA ĐÌNH,1,2026-07-14
textlink,phunuvagiadinh.vn,Textlink home,Link trang chu - 12 thang,1100000,1 link,12 thang,DR 53 | traffic 135.000/thang | TẠP CHÍ ĐIỆN TỬ PHỤ NỮ VÀ GIA ĐÌNH,1,2026-07-14
textlink,phunuvagiadinh.vn,Textlink home,Link fullsite - 6 thang,12000001400000,1 link,6 thang,DR 53 | traffic 135.000/thang | TẠP CHÍ ĐIỆN TỬ PHỤ NỮ VÀ GIA ĐÌNH,1,2026-07-14
textlink,reatimes.vn,Textlink home,Link chuyen muc - 3 thang,500000,1 link,3 thang,DR 51 | traffic 89.000/thang | Hiệp hội Bất động sản Việt Nam (VNREA),1,2026-07-14
textlink,reatimes.vn,Textlink home,Link chuyen muc - 6 thang,600000,1 link,6 thang,DR 51 | traffic 89.000/thang | Hiệp hội Bất động sản Việt Nam (VNREA),1,2026-07-14
textlink,reatimes.vn,Textlink home,Link trang chu - 3 thang,700000,1 link,3 thang,DR 51 | traffic 89.000/thang | Hiệp hội Bất động sản Việt Nam (VNREA),1,2026-07-14
textlink,reatimes.vn,Textlink home,Link chuyen muc - 12 thang,700000,1 link,12 thang,DR 51 | traffic 89.000/thang | Hiệp hội Bất động sản Việt Nam (VNREA),1,2026-07-14
textlink,reatimes.vn,Textlink home,Link trang chu - 6 thang,900000,1 link,6 thang,DR 51 | traffic 89.000/thang | Hiệp hội Bất động sản Việt Nam (VNREA),1,2026-07-14
textlink,reatimes.vn,Textlink home,Link fullsite - 3 thang,1000000,1 link,3 thang,DR 51 | traffic 89.000/thang | Hiệp hội Bất động sản Việt Nam (VNREA),1,2026-07-14
textlink,reatimes.vn,Textlink home,Link trang chu - 12 thang,1100000,1 link,12 thang,DR 51 | traffic 89.000/thang | Hiệp hội Bất động sản Việt Nam (VNREA),1,2026-07-14
textlink,reatimes.vn,Textlink home,Link fullsite - 6 thang,12000001400000,1 link,6 thang,DR 51 | traffic 89.000/thang | Hiệp hội Bất động sản Việt Nam (VNREA),1,2026-07-14
textlink,tapchinghiencuuphathoc.vn,Textlink home,Link chuyen muc - 3 thang,500000,1 link,3 thang,DR 54 | traffic 78.000/thang | Tạp chí nghiên cứu Phật học,1,2026-07-14
textlink,tapchinghiencuuphathoc.vn,Textlink home,Link chuyen muc - 6 thang,600000,1 link,6 thang,DR 54 | traffic 78.000/thang | Tạp chí nghiên cứu Phật học,1,2026-07-14
textlink,tapchinghiencuuphathoc.vn,Textlink home,Link trang chu - 3 thang,700000,1 link,3 thang,DR 54 | traffic 78.000/thang | Tạp chí nghiên cứu Phật học,1,2026-07-14
textlink,tapchinghiencuuphathoc.vn,Textlink home,Link chuyen muc - 12 thang,700000,1 link,12 thang,DR 54 | traffic 78.000/thang | Tạp chí nghiên cứu Phật học,1,2026-07-14
textlink,tapchinghiencuuphathoc.vn,Textlink home,Link trang chu - 6 thang,900000,1 link,6 thang,DR 54 | traffic 78.000/thang | Tạp chí nghiên cứu Phật học,1,2026-07-14
textlink,tapchinghiencuuphathoc.vn,Textlink home,Link fullsite - 3 thang,1000000,1 link,3 thang,DR 54 | traffic 78.000/thang | Tạp chí nghiên cứu Phật học,1,2026-07-14
textlink,tapchinghiencuuphathoc.vn,Textlink home,Link trang chu - 12 thang,1100000,1 link,12 thang,DR 54 | traffic 78.000/thang | Tạp chí nghiên cứu Phật học,1,2026-07-14
textlink,tapchinghiencuuphathoc.vn,Textlink home,Link fullsite - 6 thang,12000001400000,1 link,6 thang,DR 54 | traffic 78.000/thang | Tạp chí nghiên cứu Phật học,1,2026-07-14
textlink,tapchitoaan.vn,Textlink home,Link chuyen muc - 3 thang,500000,1 link,3 thang,DR 61 | traffic 339.000/thang | Tạp chí điện tử Toà án nhân dân,1,2026-07-14
textlink,tapchitoaan.vn,Textlink home,Link chuyen muc - 6 thang,600000,1 link,6 thang,DR 61 | traffic 339.000/thang | Tạp chí điện tử Toà án nhân dân,1,2026-07-14
textlink,tapchitoaan.vn,Textlink home,Link chuyen muc - 12 thang,700000,1 link,12 thang,DR 61 | traffic 339.000/thang | Tạp chí điện tử Toà án nhân dân,1,2026-07-14
textlink,tapchitoaan.vn,Textlink home,Link trang chu - 3 thang,1500000,1 link,3 thang,DR 61 | traffic 339.000/thang | Tạp chí điện tử Toà án nhân dân,1,2026-07-14
textlink,tapchitoaan.vn,Textlink home,Link trang chu - 6 thang,1800000,1 link,6 thang,DR 61 | traffic 339.000/thang | Tạp chí điện tử Toà án nhân dân,1,2026-07-14
textlink,tapchitoaan.vn,Textlink home,Link trang chu - 12 thang,2500000,1 link,12 thang,DR 61 | traffic 339.000/thang | Tạp chí điện tử Toà án nhân dân,1,2026-07-14
textlink,tapchitoaan.vn,Textlink home,Link fullsite - 3 thang,2500000,1 link,3 thang,DR 61 | traffic 339.000/thang | Tạp chí điện tử Toà án nhân dân,1,2026-07-14
textlink,tapchitoaan.vn,Textlink home,Link fullsite - 6 thang,3500000,1 link,6 thang,DR 61 | traffic 339.000/thang | Tạp chí điện tử Toà án nhân dân,1,2026-07-14
textlink,tapchitoaan.vn,Textlink home,Link fullsite - 12 thang,4500000,1 link,12 thang,DR 61 | traffic 339.000/thang | Tạp chí điện tử Toà án nhân dân,1,2026-07-14
textlink,thanhnienviet.vn,Textlink home,Link chuyen muc - 3 thang,500000,1 link,3 thang,DR 51 | traffic 52.000/thang | Tạp chí điện tử thanhnienviet.vn,1,2026-07-14
textlink,thanhnienviet.vn,Textlink home,Link chuyen muc - 6 thang,600000,1 link,6 thang,DR 51 | traffic 52.000/thang | Tạp chí điện tử thanhnienviet.vn,1,2026-07-14
textlink,thanhnienviet.vn,Textlink home,Link trang chu - 3 thang,700000,1 link,3 thang,DR 51 | traffic 52.000/thang | Tạp chí điện tử thanhnienviet.vn,1,2026-07-14
textlink,thanhnienviet.vn,Textlink home,Link chuyen muc - 12 thang,700000,1 link,12 thang,DR 51 | traffic 52.000/thang | Tạp chí điện tử thanhnienviet.vn,1,2026-07-14
textlink,thanhnienviet.vn,Textlink home,Link trang chu - 6 thang,900000,1 link,6 thang,DR 51 | traffic 52.000/thang | Tạp chí điện tử thanhnienviet.vn,1,2026-07-14
textlink,thanhnienviet.vn,Textlink home,Link fullsite - 3 thang,1000000,1 link,3 thang,DR 51 | traffic 52.000/thang | Tạp chí điện tử thanhnienviet.vn,1,2026-07-14
textlink,thanhnienviet.vn,Textlink home,Link trang chu - 12 thang,1100000,1 link,12 thang,DR 51 | traffic 52.000/thang | Tạp chí điện tử thanhnienviet.vn,1,2026-07-14
textlink,thanhnienviet.vn,Textlink home,Link fullsite - 6 thang,12000001400000,1 link,6 thang,DR 51 | traffic 52.000/thang | Tạp chí điện tử thanhnienviet.vn,1,2026-07-14
textlink,thieunien.vn,Textlink home,Link chuyen muc - 3 thang,500000,1 link,3 thang,DR 45 | traffic 56.000/thang | Trung ương Đoàn TNCS Hồ Chí Minh,1,2026-07-14
textlink,thieunien.vn,Textlink home,Link chuyen muc - 6 thang,600000,1 link,6 thang,DR 45 | traffic 56.000/thang | Trung ương Đoàn TNCS Hồ Chí Minh,1,2026-07-14
textlink,thieunien.vn,Textlink home,Link trang chu - 3 thang,700000,1 link,3 thang,DR 45 | traffic 56.000/thang | Trung ương Đoàn TNCS Hồ Chí Minh,1,2026-07-14
textlink,thieunien.vn,Textlink home,Link chuyen muc - 12 thang,700000,1 link,12 thang,DR 45 | traffic 56.000/thang | Trung ương Đoàn TNCS Hồ Chí Minh,1,2026-07-14
textlink,thieunien.vn,Textlink home,Link trang chu - 6 thang,900000,1 link,6 thang,DR 45 | traffic 56.000/thang | Trung ương Đoàn TNCS Hồ Chí Minh,1,2026-07-14
textlink,thieunien.vn,Textlink home,Link fullsite - 3 thang,1000000,1 link,3 thang,DR 45 | traffic 56.000/thang | Trung ương Đoàn TNCS Hồ Chí Minh,1,2026-07-14
textlink,thieunien.vn,Textlink home,Link trang chu - 12 thang,1100000,1 link,12 thang,DR 45 | traffic 56.000/thang | Trung ương Đoàn TNCS Hồ Chí Minh,1,2026-07-14
textlink,thieunien.vn,Textlink home,Link fullsite - 6 thang,12000001400000,1 link,6 thang,DR 45 | traffic 56.000/thang | Trung ương Đoàn TNCS Hồ Chí Minh,1,2026-07-14
textlink,thuonghieucongluan.com.vn,Textlink home,Link chuyen muc - 3 thang,500000,1 link,3 thang,DR 57 | traffic 365.000/thang | Tạp chí điện tử Thương hiệu và Công luận,1,2026-07-14
textlink,thuonghieucongluan.com.vn,Textlink home,Link chuyen muc - 6 thang,600000,1 link,6 thang,DR 57 | traffic 365.000/thang | Tạp chí điện tử Thương hiệu và Công luận,1,2026-07-14
textlink,thuonghieucongluan.com.vn,Textlink home,Link chuyen muc - 12 thang,700000,1 link,12 thang,DR 57 | traffic 365.000/thang | Tạp chí điện tử Thương hiệu và Công luận,1,2026-07-14
textlink,thuonghieucongluan.com.vn,Textlink home,Link trang chu - 3 thang,1500000,1 link,3 thang,DR 57 | traffic 365.000/thang | Tạp chí điện tử Thương hiệu và Công luận,1,2026-07-14
textlink,thuonghieucongluan.com.vn,Textlink home,Link trang chu - 6 thang,1800000,1 link,6 thang,DR 57 | traffic 365.000/thang | Tạp chí điện tử Thương hiệu và Công luận,1,2026-07-14
textlink,thuonghieucongluan.com.vn,Textlink home,Link trang chu - 12 thang,2500000,1 link,12 thang,DR 57 | traffic 365.000/thang | Tạp chí điện tử Thương hiệu và Công luận,1,2026-07-14
textlink,thuonghieucongluan.com.vn,Textlink home,Link fullsite - 3 thang,2500000,1 link,3 thang,DR 57 | traffic 365.000/thang | Tạp chí điện tử Thương hiệu và Công luận,1,2026-07-14
textlink,thuonghieucongluan.com.vn,Textlink home,Link fullsite - 6 thang,3500000,1 link,6 thang,DR 57 | traffic 365.000/thang | Tạp chí điện tử Thương hiệu và Công luận,1,2026-07-14
textlink,thuonghieucongluan.com.vn,Textlink home,Link fullsite - 12 thang,4500000,1 link,12 thang,DR 57 | traffic 365.000/thang | Tạp chí điện tử Thương hiệu và Công luận,1,2026-07-14
textlink,truyenhinhnghean.vn,Textlink home,Link chuyen muc - 3 thang,500000,1 link,3 thang,DR 51 | traffic 470.000/thang | Đài phát thanh truyền hình Nghệ An,1,2026-07-14
textlink,truyenhinhnghean.vn,Textlink home,Link chuyen muc - 6 thang,600000,1 link,6 thang,DR 51 | traffic 470.000/thang | Đài phát thanh truyền hình Nghệ An,1,2026-07-14
textlink,truyenhinhnghean.vn,Textlink home,Link chuyen muc - 12 thang,700000,1 link,12 thang,DR 51 | traffic 470.000/thang | Đài phát thanh truyền hình Nghệ An,1,2026-07-14
textlink,truyenhinhnghean.vn,Textlink home,Link trang chu - 3 thang,1500000,1 link,3 thang,DR 51 | traffic 470.000/thang | Đài phát thanh truyền hình Nghệ An,1,2026-07-14
textlink,truyenhinhnghean.vn,Textlink home,Link trang chu - 6 thang,1800000,1 link,6 thang,DR 51 | traffic 470.000/thang | Đài phát thanh truyền hình Nghệ An,1,2026-07-14
textlink,truyenhinhnghean.vn,Textlink home,Link trang chu - 12 thang,2500000,1 link,12 thang,DR 51 | traffic 470.000/thang | Đài phát thanh truyền hình Nghệ An,1,2026-07-14
textlink,truyenhinhnghean.vn,Textlink home,Link fullsite - 3 thang,2500000,1 link,3 thang,DR 51 | traffic 470.000/thang | Đài phát thanh truyền hình Nghệ An,1,2026-07-14
textlink,truyenhinhnghean.vn,Textlink home,Link fullsite - 6 thang,3500000,1 link,6 thang,DR 51 | traffic 470.000/thang | Đài phát thanh truyền hình Nghệ An,1,2026-07-14
textlink,truyenhinhnghean.vn,Textlink home,Link fullsite - 12 thang,4500000,1 link,12 thang,DR 51 | traffic 470.000/thang | Đài phát thanh truyền hình Nghệ An,1,2026-07-14
textlink,vnreview.vn,Textlink home,Link chuyen muc - 3 thang,700000,1 link,3 thang,DR 65 | traffic 1.400.000/thang | CÔNG TY TNHH VIỆT NAM ĐÁNH GIÁ,1,2026-07-14
textlink,vnreview.vn,Textlink home,Link chuyen muc - 6 thang,800000,1 link,6 thang,DR 65 | traffic 1.400.000/thang | CÔNG TY TNHH VIỆT NAM ĐÁNH GIÁ,1,2026-07-14
textlink,vnreview.vn,Textlink home,Link chuyen muc - 12 thang,900000,1 link,12 thang,DR 65 | traffic 1.400.000/thang | CÔNG TY TNHH VIỆT NAM ĐÁNH GIÁ,1,2026-07-14
textlink,vnreview.vn,Textlink home,Link trang chu - 3 thang,3000000,1 link,3 thang,DR 65 | traffic 1.400.000/thang | CÔNG TY TNHH VIỆT NAM ĐÁNH GIÁ,1,2026-07-14
textlink,vnreview.vn,Textlink home,Link trang chu - 6 thang,3500000,1 link,6 thang,DR 65 | traffic 1.400.000/thang | CÔNG TY TNHH VIỆT NAM ĐÁNH GIÁ,1,2026-07-14
textlink,vnreview.vn,Textlink home,Link trang chu - 12 thang,4000000,1 link,12 thang,DR 65 | traffic 1.400.000/thang | CÔNG TY TNHH VIỆT NAM ĐÁNH GIÁ,1,2026-07-14
textlink,vnreview.vn,Textlink home,Link fullsite - 3 thang,4000000,1 link,3 thang,DR 65 | traffic 1.400.000/thang | CÔNG TY TNHH VIỆT NAM ĐÁNH GIÁ,1,2026-07-14
textlink,vnreview.vn,Textlink home,Link fullsite - 6 thang,5000000,1 link,6 thang,DR 65 | traffic 1.400.000/thang | CÔNG TY TNHH VIỆT NAM ĐÁNH GIÁ,1,2026-07-14
textlink,vnreview.vn,Textlink home,Link fullsite - 12 thang,6000000,1 link,12 thang,DR 65 | traffic 1.400.000/thang | CÔNG TY TNHH VIỆT NAM ĐÁNH GIÁ,1,2026-07-14
