domain,title,nhom,gia_cao_nhat,post_id,status
hanoitimes.vn,hanoitimes.vn,mua-textlink,12000001400000,3479,issue:gia-loi-du-lieu-nhieu-bac-gop-lai
forbes.com,forbes.com,backlink-quoc-te,242892000,1974,
entrepreneur.com,entrepreneur.com,backlink-quoc-te,131040000,1978,
nytimes.com,nytimes.com,backlink-quoc-te,120089000,1979,
bloomberg.com,bloomberg.com,backlink-quoc-te,78000000,1984,
cnbc.com,cnbc.com,backlink-quoc-te,74880000,1988,
usatoday.com,usatoday.com,backlink-quoc-te,74880000,1985,
wsj.com,wsj.com,backlink-quoc-te,74880000,1986,
bbc.com,bbc.com,backlink-quoc-te,74880000,1987,
vietcetera.com,vietcetera.com,booking-bao-pr,42750000,3432,done
msn.com,msn.com,backlink-quoc-te,28080000,1997,
cnet.com,cnet.com,backlink-quoc-te,26208000,1998,
vietnam.travel,vietnam.travel,guest-post,25000000,1740,
businessinsider.com,businessinsider.com,backlink-quoc-te,23369000,2001,
vietnamplus.vn,vietnamplus.vn,booking-bao-pr,19400000,3433,done
news.yahoo.com,news.yahoo.com,backlink-quoc-te,18408000,2006,
brandsvietnam.com,brandsvietnam.com,booking-bao-pr,17300000,3320,issue:blocked-cloudflare
dep.com.vn,dep.com.vn,booking-bao-pr,17000000,3434,issue:blocked-firewall
advertisingvietnam.com,advertisingvietnam.com,booking-bao-pr,15810000,3436,issue:blocked-cloudflare
vnreview.vn,vnreview.vn,booking-bao-pr,15810000,3437,done
kênh 14.vn,Kênh 14.vn,booking-bao-pr,15660000,3321,issue:trung-toa-soan-voi-kenh14vn-da-co-anh
cand.com.vn,cand.com.vn,booking-bao-pr,15000000,3438,done
benzinga.com,benzinga.com,backlink-quoc-te,14040000,2011,
báo pháp luật plo.vn,Báo pháp luật Plo.vn,booking-bao-pr,14000000,3439,issue:outlet-closed-36nam-khep-lai
techrum.vn,techrum.vn,booking-bao-pr,13950000,3440,done
specstalk.com,specstalk.com,guest-post,13400000,2818,
digitalgamersdream.com,digitalgamersdream.com,guest-post,13400000,2819,
crisisshelter.org,crisisshelter.org,guest-post,13400000,2820,
fkgoldstandard.com,fkgoldstandard.com,guest-post,13400000,2821,
jimmeyerracing.com,jimmeyerracing.com,guest-post,13400000,2822,
proreviewbuzz.com,proreviewbuzz.com,guest-post,13400000,2823,
hiroasiankitchen.com,hiroasiankitchen.com,guest-post,13400000,2824,
smokinjoesribranch.com,smokinjoesribranch.com,guest-post,13400000,2825,
whatmouse.com,whatmouse.com,guest-post,13400000,2826,
pensacolavoice.com,pensacolavoice.com,guest-post,13400000,2827,
baodautu.vn,baodautu.vn,booking-bao-pr,13090000,3441,done
vov.vn,vov.vn,booking-bao-pr,12750000,3442,done
vir.com.vn,vir.com.vn,booking-bao-pr,12000000,3443,done
nhipcaudautu.vn,nhipcaudautu.vn,booking-bao-pr,11500000,1643,done
tieudung.vn,tieudung.vn,booking-bao-pr,11400000,3444,done
tinhte.vn,tinhte.vn,booking-bao-pr,10900000,1081,done
apnews.com,apnews.com,backlink-quoc-te,10608000,2027,
genk.vn,Genk.vn,booking-bao-pr,10100000,1040,done
tcnhadep.com,tcnhadep.com,booking-bao-pr,10000000,3445,issue:ssl-cert-invalid
phapluatnet.vn,phapluatnet.vn,booking-bao-pr,10000000,3446,issue:dns-not-found-domain-chet
phapluatxahoi.vn,phapluatxahoi.vn,booking-bao-pr,10000000,3447,issue:domain-chet-timeout-redirect-kinhtedothi
vietnamtourism.gov.vn,vietnamtourism.gov.vn,guest-post,10000000,1741,
kenh14.vn,kenh14.vn,booking-bao-pr,9980000,1020,done
doanhnhan.vn,doanhnhan.vn,booking-bao-pr,9960000,3448,done
znews.vn,znews.vn,booking-bao-pr,9280000,3449,done
dantri.com.vn,Dantri.com.vn,booking-bao-pr,9080000,1005,done
baophapluat.vn,baophapluat.vn,booking-bao-pr,9000000,3452,done
autopro.com.vn,Autopro.com.vn,booking-bao-pr,8600000,1016,done
vietnamnet.vn,vietnamnet.vn,booking-bao-pr,8500000,1738,done
vaporizero.com,vaporizero.com,guest-post,8400000,2828,
overlookpress.com,overlookpress.com,guest-post,8400000,2829,
soundhealthdoctor.com,soundhealthdoctor.com,guest-post,8400000,2830,
truckslane.com,truckslane.com,guest-post,8400000,2831,
logicaldaily.com,logicaldaily.com,guest-post,8400000,2832,
reportsherald.com,reportsherald.com,guest-post,8400000,2833,
truckszilla.com,truckszilla.com,guest-post,8400000,2834,
empiremovies.com,empiremovies.com,guest-post,8400000,2835,
weddingstats.org,weddingstats.org,guest-post,8400000,2836,
formulasantander.com,formulasantander.com,guest-post,8400000,2837,
thebestbuyguide.com,thebestbuyguide.com,guest-post,8400000,2838,
aquila-style.com,aquila-style.com,guest-post,8400000,2839,
californiabeat.org,californiabeat.org,guest-post,8400000,2840,
thezenuniverse.org,thezenuniverse.org,guest-post,8400000,2841,
justicesnows.com,justicesnows.com,guest-post,8400000,2842,
aktinmotion.com,aktinmotion.com,guest-post,8400000,2843,
alongtheboards.com,alongtheboards.com,guest-post,8400000,2844,
machovibes.com,machovibes.com,guest-post,8400000,2845,
mantavya.com,mantavya.com,guest-post,8400000,2846,
luxrender.net,luxrender.net,guest-post,8400000,2847,
richannel.org,richannel.org,guest-post,8400000,2848,
comeaucomputing.com,comeaucomputing.com,guest-post,8400000,2849,
howtosucceedbroadway.com,howtosucceedbroadway.com,guest-post,8400000,2850,
ilawjournals.com,ilawjournals.com,guest-post,8400000,2851,
marketsharegroup.com,marketsharegroup.com,guest-post,8400000,2852,
digitby.com,digitby.com,guest-post,8400000,2853,
firedout.com,firedout.com,guest-post,8400000,2854,
fergusonaction.com,fergusonaction.com,guest-post,8400000,2855,
weirdworm.com,weirdworm.com,guest-post,8400000,2856,
pmcaonline.org,pmcaonline.org,guest-post,8400000,2857,
thewashingtonnote.com,thewashingtonnote.com,guest-post,8400000,2858,
mp3newswire.net,mp3newswire.net,guest-post,8400000,2859,
thevideoink.com,thevideoink.com,guest-post,8400000,2860,
scholarlyoa.com,scholarlyoa.com,guest-post,8400000,2861,
musicraiser.com,musicraiser.com,guest-post,8400000,2862,
feri.org,feri.org,guest-post,8400000,2863,
gforgames.com,gforgames.com,guest-post,8400000,2864,
jaxtr.com,jaxtr.com,guest-post,8400000,2865,
barefootsworld.net,barefootsworld.net,guest-post,8400000,2866,
tapchikientruc.com.vn,tapchikientruc.com.vn,booking-bao-pr,8000000,3453,done
ngoisao.vn,ngoisao.vn,booking-bao-pr,8000000,3454,done
nguoiquansat.vn,nguoiquansat.vn,booking-bao-pr,8000000,1011,issue:timeout-retry-later
vnexpress.net,Vnexpress.net,booking-bao-pr,7800000,1008,done
marketwatch.com,marketwatch.com,backlink-quoc-te,7769000,2032,
congan.com.vn,congan.com.vn,booking-bao-pr,7760000,3455,done
bongdaplus.vn,bongdaplus.vn,booking-bao-pr,7760000,3456,issue:timeout-retry-later
nld.com.vn,nld.com.vn Người lao động,booking-bao-pr,7656000,3457,done
congthuong.vn,Congthuong.vn,booking-bao-pr,7500000,1072,done
vneconomy.vn,Vneconomy.vn,booking-bao-pr,7500000,1074,done
cafebiz.vn,Cafebiz.vn,booking-bao-pr,7300000,1025,done
phunuvietnam.vn,phunuvietnam.vn,booking-bao-pr,7225000,3458,done
naction.in,naction.in,guest-post,6525000,2867,
tinthethao.com.vn,tinthethao.com.vn,booking-bao-pr,6305000,3459,done
nhandan.vn,Nhandan.vn,booking-bao-pr,6200000,1079,done
hanoimoi.vn,hanoimoi.vn,mua-textlink,6000000,3480,done
tuoitre.vn,tuoitre.vn,booking-bao-pr,5980000,1064,done
comentarium.com,comentarium.com,guest-post,5900000,2868,
everyvoicecenter.org,everyvoicecenter.org,guest-post,5900000,2869,
ciicentral.com,ciicentral.com,guest-post,5900000,2870,
coldsoulsthemovie.com,coldsoulsthemovie.com,guest-post,5900000,2871,
iqeye.com,iqeye.com,guest-post,5900000,2872,
ladygeek.com,ladygeek.com,guest-post,5900000,2873,
btlondonlive.com,btlondonlive.com,guest-post,5900000,2874,
beginagainfilm.com,beginagainfilm.com,guest-post,5900000,2875,
kreweduoptic.com,kreweduoptic.com,guest-post,5900000,2876,
general-imaging.com,general-imaging.com,guest-post,5900000,2877,
likesuccess.com,likesuccess.com,guest-post,5900000,2878,
icydk.com,icydk.com,guest-post,5900000,2879,
theisozone.com,theisozone.com,guest-post,5900000,2880,
greenbusinessonly.com,greenbusinessonly.com,guest-post,5900000,2881,
vtv.vn,vtv.vn,booking-bao-pr,5880000,3330,done
eva.vn,eva.vn,booking-bao-pr,5760000,3461,done
doanhnhanonile.com.vn,doanhnhanonile.com.vn,booking-bao-pr,5700000,3462,issue:domain-loi-chinh-ta-tro-ve-noi-dung-gaming-khong-khop-thuong-hieu
ngoisao.net,ngoisao.net,booking-bao-pr,5600000,3463,issue:timeout-retry-later
anninhthudo.vn,anninhthudo.vn,mua-textlink,5556000,3488,done
baodongnai.com.vn,baodongnai.com.vn,mua-textlink,5556000,3482,done
baodanang.vn,baodanang.vn,mua-textlink,5556000,3481,done
home.vn,home.vn,mua-textlink,5556000,3486,done
congly.vn,congly.vn,mua-textlink,5556000,3487,done
giaoducthoidai.vn,giaoducthoidai.vn,mua-textlink,5556000,3483,done
cafef.vn,CafeF.vn,booking-bao-pr,5400000,1026,done
gamek.vn,Gamek.vn,booking-bao-pr,5300000,1067,done
tunai4d.net,tunai4d.net,guest-post,5275000,2882,
24h.com.vn,24h.com.vn,booking-bao-pr,5200000,3465,done
wiki.batdongsan.com.vn,wiki.batdongsan.com.vn,booking-bao-pr,5200000,1638,done
guu.vn,guu.vn,booking-bao-pr,5000000,3466,issue:timeout-retry-later
webtretho.com,Webtretho.com,booking-bao-pr,5000000,1078,done
laodong.vn,Laodong.vn,booking-bao-pr,4900000,1069,done
phunutoday.vn,phunutoday.vn,booking-bao-pr,4895000,3467,done
diendandoanhnghiep.vn,diendandoanhnghiep.vn,booking-bao-pr,4800000,3468,done
cafeland.vn,Cafeland.vn,booking-bao-pr,4800000,1030,done
thethaovanhoa.vn,thethaovanhoa.vn,booking-bao-pr,4750000,3469,done
thesaigontimes.vn,thesaigontimes.vn,booking-bao-pr,4650000,1646,done
cbdgain.com,cbdgain.com,guest-post,4650000,2883,
digitaljournal.com,digitaljournal.com,backlink-quoc-te,4649000,2045,
doisongphapluat.com.vn,doisongphapluat.com.vn,booking-bao-pr,4620000,3470,done
baodaklak.vn,baodaklak.vn,booking-bao-pr,4500000,3390,done
soha.vn,soha.vn,booking-bao-pr,4500000,3471,done
marry.vn,marry.vn,booking-bao-pr,4500000,3472,done
ngoisao.vnexpress.net,Ngoisao.vnexpress.net,booking-bao-pr,4500000,1045,issue:timeout-retry-later
yan.vn,Yan.vn,booking-bao-pr,4500000,1054,done
thethao247.vn,Thethao247.vn,booking-bao-pr,4500000,1065,done
tapchitoaan.vn,tapchitoaan.vn,mua-textlink,4500000,3498,issue:timeout-retry-later
baolaocai.vn,baolaocai.vn,mua-textlink,4444000,3507,done
baodongthap.vn,baodongthap.vn,mua-textlink,4444000,2705,done
truyenhinhnghean.vn,truyenhinhnghean.vn,mua-textlink,4444000,3510,done
baolangson.vn,baolangson.vn,mua-textlink,4444000,3506,done
baothainguyen.vn,baothainguyen.vn,mua-textlink,4444000,3500,done
baocantho.com.vn,baocantho.com.vn,mua-textlink,4444000,3509,issue:timeout-retry-later
baocamau.vn,baocamau.vn,mua-textlink,4444000,3502,done
baoangiang.com.vn,baoangiang.com.vn,mua-textlink,4444000,3508,done
baotuyenquang.com.vn,baotuyenquang.com.vn,mua-textlink,4444000,3503,done
nguoidothi.net.vn,nguoidothi.net.vn,mua-textlink,4444000,3505,done
thuonghieucongluan.com.vn,thuonghieucongluan.com.vn,mua-textlink,4444000,3511,done
huengaynay.vn,huengaynay.vn,mua-textlink,4444000,3501,done
doanhnghiephoinhap.vn,doanhnghiephoinhap.vn,mua-textlink,4444000,3499,done
baogialai.com.vn,baogialai.com.vn,mua-textlink,4444000,3504,issue:timeout-retry-later
baovanhoa.vn,baovanhoa.vn,mua-textlink,4444000,3512,issue:timeout-retry-later
batdongsan.com.vn,batdongsan.com.vn,booking-bao-pr,4400000,3473,issue:cloudflare-bot-block-khong-chup-duoc
tienphong.vn,Tienphong.vn,booking-bao-pr,4400000,1032,done
giadinh.suckhoedoisong.vn,giadinh.suckhoedoisong.vn,booking-bao-pr,4150000,3474,done
www.24h.com.vn,"www.24h.com.vn Bài PR loại 2 ( TTTD,KD)",booking-bao-pr,4100000,3391,done
streetinsider.com,streetinsider.com,backlink-quoc-te,4056000,2050,
mallumv.info,mallumv.info,guest-post,4025000,2884,
moviesverse.la,moviesverse.la,guest-post,4025000,2885,
7starhd.la,7starhd.la,guest-post,4025000,2886,
vtcnews.vn,vtcnews.vn,booking-bao-pr,4000000,1043,done
congluan.vn,Congluan.vn,booking-bao-pr,4000000,1036,done
suckhoedoisong.vn,suckhoedoisong.vn,booking-bao-pr,3880000,3340,done
afamily.vn,Afamily.vn (Áp dụng giá từ 20/5/2026),booking-bao-pr,3850000,3341,done
thanhnien.vn,thanhnien.vn,booking-bao-pr,3600000,3346,done
thitruong.nld.com.vn,Thitruong.nld.com.vn,booking-bao-pr,3600000,1071,done
yeah1.com,Yeah1.com,booking-bao-pr,3500000,1055,done
phunuvagiadinh.vn,phunuvagiadinh.vn,booking-bao-pr,3400000,3475,done
plo.vn,plo.vn,booking-bao-pr,3250000,1642,issue:timeout-retry-later
saostar.vn,Saostar.vn,booking-bao-pr,3200000,1053,done
kenhtuyensinh.vn,kenhtuyensinh.vn,booking-bao-pr,3150000,3348,done
doanhnghiepvn.vn,doanhnghiepvn.vn,booking-bao-pr,3150000,1648,done
kinhtemoitruong.vn,kinhtemoitruong.vn,booking-bao-pr,3000000,3394,done
danviet.vn,danviet.vn,booking-bao-pr,2980000,3352,done
vnmedia.vn,vnmedia.vn,booking-bao-pr,2900000,3369,issue:timeout-retry-later
megafun.vn,megafun.vn,booking-bao-pr,2850000,3370,issue:domain-doi-chu-noi-dung-tieng-anh-demo-khong-lien-quan
baoquocte.vn,Baoquocte.vn,booking-bao-pr,2800000,1076,done
newsrivals.com,newsrivals.com,guest-post,2775000,2887,
basicact.com,basicact.com,guest-post,2775000,2888,
freshersnews.co.in,freshersnews.co.in,guest-post,2775000,2889,
popularwrite.com,popularwrite.com,guest-post,2775000,2890,
cobid.org,cobid.org,guest-post,2775000,2891,
forbesrumor.com,forbesrumor.com,guest-post,2775000,2892,
ixprl.com,ixprl.com,guest-post,2775000,2893,
foxnewbrand.com,foxnewbrand.com,guest-post,2775000,2894,
6streamsxy.com,6streamsxy.com,guest-post,2775000,2895,
megaincomestream.com,megaincomestream.com,guest-post,2775000,2896,
phapluat.suckhoedoisong.vn,phapluat.suckhoedoisong.vn,booking-bao-pr,2700000,1650,done
suckhoecongdongonline.vn,suckhoecongdongonline.vn,booking-bao-pr,2700000,1651,done
doisongvietnam.vn,doisongvietnam.vn,booking-bao-pr,2600000,3356,done
tiin.vn,Tiin.vn,booking-bao-pr,2600000,1063,done
baoxaydung.com.vn,baoxaydung.com.vn,booking-bao-pr,2550000,3371,done
vietstock.vn,vietstock.vn,booking-bao-pr,2550000,3372,issue:timeout-retry-later
baonghean.vn,baonghean.vn,booking-bao-pr,2450000,3397,done
vietq.vn,vietq.vn,booking-bao-pr,2450000,1653,done
petrotimes.vn,petrotimes.vn,booking-bao-pr,2400000,1654,done
nguoihanoi.vn,nguoihanoi.vn,booking-bao-pr,2400000,1703,done
thethaovietnam.vn,thethaovietnam.vn,booking-bao-pr,2375000,3358,done
vietbao.vn,vietbao.vn,booking-bao-pr,2300000,3374,issue:timeout-retry-later
suckhoeviet.org.vn,suckhoeviet.org.vn,booking-bao-pr,2250000,3375,done
xahoi.com.vn,xahoi.com.vn,booking-bao-pr,2250000,1657,done
zerohedge.com,zerohedge.com,backlink-quoc-te,2184000,2063,
vietnambiz.vn,vietnambiz.vn,booking-bao-pr,2150000,3360,done
vietnammoi.vn,vietnammoi.vn,booking-bao-pr,2150000,3361,done
doanhnhanvn.vn,doanhnhanvn.vn,booking-bao-pr,2150000,3362,done
indeedken.com,indeedken.com,guest-post,2150000,2911,
emagazinehub.com,emagazinehub.com,guest-post,2150000,2912,
lifehacktimes.com,lifehacktimes.com,guest-post,2150000,2913,
fishyfacts4u.com,fishyfacts4u.com,guest-post,2150000,2914,
newsninjapro.com,newsninjapro.com,guest-post,2150000,2915,
atotalnews.com,atotalnews.com,guest-post,2150000,2897,
marketbusiness.info,marketbusiness.info,guest-post,2150000,2898,
kuttywebnews.com,kuttywebnews.com,guest-post,2150000,2899,
technologyguiders.com,technologyguiders.com,guest-post,2150000,2900,
topblognews.com,topblognews.com,guest-post,2150000,2901,
webnewswires.com,webnewswires.com,guest-post,2150000,2902,
techsfeed.com,techsfeed.com,guest-post,2150000,2903,
wetechmedia.com,wetechmedia.com,guest-post,2150000,2904,
lifescience1.com,lifescience1.com,guest-post,2150000,2905,
wikitechno.de,wikitechno.de,guest-post,2150000,2906,
marketingbusinessplans.com,marketingbusinessplans.com,guest-post,2150000,2907,
latestnews2u.com,latestnews2u.com,guest-post,2150000,2908,
dailymail4you.com,dailymail4you.com,guest-post,2150000,2909,
techlogus.com,techlogus.com,guest-post,2150000,2910,
tapchixaydung.vn,tapchixaydung.vn,booking-bao-pr,2100000,3399,done
baothuathienhue.vn,baothuathienhue.vn,booking-bao-pr,2100000,3400,done
vanhoavaphattrien.vn,vanhoavaphattrien.vn,booking-bao-pr,2100000,1659,done
golfviet.vn,golfviet.vn,booking-bao-pr,2100000,1660,done
vnfinance.vn,vnfinance.vn,booking-bao-pr,2100000,1661,done
thitruongbiz.vn,thitruongbiz.vn,booking-bao-pr,2100000,1662,done
2sao.vn,2sao.vn,booking-bao-pr,2075000,3476,issue:timeout-retry-later
bienphong.com.vn,bienphong.com.vn,booking-bao-pr,2050000,3376,done
inhat.vn,inhat.vn,dich-vu-toplist,2040000,2114,
xaluannews.com,xaluannews.com,booking-bao-pr,2000000,3377,done
thanhnienviet.vn,thanhnienviet.vn,booking-bao-pr,2000000,1663,done
alobacsi.com,Alobacsi.com,booking-bao-pr,2000000,1057,issue:timeout-retry-later
techz.vn,techz.vn,booking-bao-pr,1980000,3365,done
baoxaydung.vn,baoxaydung.vn,booking-bao-pr,1900000,3402,done
baocaobang.vn,baocaobang.vn,booking-bao-pr,1800000,3404,done
phunusuckhoe.giadinhonline.vn,phunusuckhoe.giadinhonline.vn,booking-bao-pr,1800000,1665,done
suckhoephapluat.nguoiduatin.vn,suckhoephapluat.nguoiduatin.vn,booking-bao-pr,1750000,1667,done
phunumoi.net,phunumoi.net,booking-bao-pr,1740000,3478,issue:domain-chet-dns-fail
thuonghieuvaphapluat.vn,thuonghieuvaphapluat.vn,booking-bao-pr,1700000,3406,done
baodienbienphu.com.vn,baodienbienphu.com.vn,booking-bao-pr,1700000,3407,issue:timeout-retry-later
hoinhap.vanhoavaphattrien.vn,hoinhap.vanhoavaphattrien.vn,booking-bao-pr,1700000,1668,done
cafedautu.vn,cafedautu.vn,booking-bao-pr,1700000,1669,done
bau.vn,bau.vn,booking-bao-pr,1700000,1671,issue:lazy-load-chua-tai-kip-can-chup-lai
suckhoevacongdong.vn,suckhoevacongdong.vn,booking-bao-pr,1650000,3378,issue:ssl-cert-invalid
giadinhvaphapluat.vn,giadinhvaphapluat.vn,booking-bao-pr,1650000,1674,done
tuoitrexahoi.vn,tuoitrexahoi.vn,booking-bao-pr,1600000,3379,done
nongthonvaphattrien.vn,nongthonvaphattrien.vn,booking-bao-pr,1600000,3380,done
emdep.vn,Emdep.vn,booking-bao-pr,1600000,1051,done
nguoiduatin.vn,nguoiduatin.vn,booking-bao-pr,1580000,3367,done
nhipsongdothi.vn,nhipsongdothi.vn,booking-bao-pr,1550000,3381,issue:domain-doi-muc-dich-thanh-trang-vay-tien-affiliate
sohuutritue.net.vn,sohuutritue.net.vn,booking-bao-pr,1550000,3410,done
giaoducthudo.giaoducthoidai.vn,giaoducthudo.giaoducthoidai.vn,booking-bao-pr,1500000,3412,done
baolamdong.vn,baolamdong.vn,booking-bao-pr,1490000,3413,done
kinhtevadautu.vn,kinhtevadautu.vn,booking-bao-pr,1450000,3382,issue:site-chua-dung-noi-dung-trang-hosting-mac-dinh
tapchivietduc.vn,tapchivietduc.vn,booking-bao-pr,1450000,3383,done
baotayninh.vn,baotayninh.vn,booking-bao-pr,1450000,3415,done
vanhoavadoisong.vn,vanhoavadoisong.vn,booking-bao-pr,1450000,2172,done
lamchame.vn,lamchame.vn,booking-bao-pr,1400000,3368,issue:timeout-retry-later
songdep.com.vn,songdep.com.vn,booking-bao-pr,1400000,3384,done
khoahocvacuocsong.vn,khoahocvacuocsong.vn,booking-bao-pr,1400000,3385,done
vanhoathoidai.vn,vanhoathoidai.vn,booking-bao-pr,1400000,3386,done
vietnamhuongsac.vn,vietnamhuongsac.vn,booking-bao-pr,1400000,3387,done
datnuoc.com.vn,datnuoc.com.vn,booking-bao-pr,1400000,3388,done
truyenthongvaphattrien.vn,truyenthongvaphattrien.vn,booking-bao-pr,1400000,3389,done
phapluatvacuocsong.vn,phapluatvacuocsong.vn,booking-bao-pr,1400000,1682,done
giadinhmoi.vn,Giadinhmoi.vn,booking-bao-pr,1400000,1060,done
baoquangninh.vn,baoquangninh.vn,booking-bao-pr,1390000,3417,done
baothanhhoa.vn,baothanhhoa.vn,booking-bao-pr,1350000,3419,done
phunumoi.net.vn,phunumoi.net.vn,mua-textlink,1296000,2711,done
reatimes.vn,reatimes.vn,mua-textlink,1296000,3628,done
thieunien.vn,thieunien.vn,mua-textlink,1296000,3624,done
tapchinghiencuuphathoc.vn,tapchinghiencuuphathoc.vn,mua-textlink,1296000,3626,done
doanhnghiepkinhtexanh.vn,doanhnghiepkinhtexanh.vn,mua-textlink,1296000,2713,done
phunuhiendai.vn,phunuhiendai.vn,booking-bao-pr,1200000,1684,done
powersteam.vn,powersteam.vn,guest-post,1200000,1770,
topaz.vn,topaz.vn,guest-post,1200000,1771,
hanoireview.vn,hanoireview.vn,guest-post,1200000,1772,
saigonreview.vn,saigonreview.vn,guest-post,1200000,1773,
quynhonreview.vn,quynhonreview.vn,guest-post,1200000,1774,
hellodanang.vn,hellodanang.vn,guest-post,1200000,1775,
binhduongreview.vn,binhduongreview.vn,guest-post,1200000,1776,
wikithammy.com,wikithammy.com,guest-post,1200000,1777,
golook.vn,golook.vn,dich-vu-toplist,1200000,2115,
toplistdanang.com,toplistdanang.com,dich-vu-toplist,1200000,2116,
toplisthanoi.com,toplisthanoi.com,dich-vu-toplist,1200000,2117,
toplistcantho.com,toplistcantho.com,dich-vu-toplist,1200000,2118,
ohay.vn,ohay.vn,dich-vu-toplist,1200000,2119,
ubeauty.vn,ubeauty.vn,dich-vu-toplist,1200000,2120,
travelist.vn,travelist.vn,dich-vu-toplist,1200000,2121,
topdongnai.com,topdongnai.com,dich-vu-toplist,1200000,2122,
danangaz.com,danangaz.com,dich-vu-toplist,1200000,2123,
toplistsaigon.com,toplistsaigon.com,dich-vu-toplist,1200000,2124,
tophaiphong.com,tophaiphong.com,dich-vu-toplist,1200000,2125,
topbinhduong.com,topbinhduong.com,dich-vu-toplist,1200000,2126,
hanoi.inhat.vn,hanoi.inhat.vn,dich-vu-toplist,1200000,2127,
hcm.inhat.vn,hcm.inhat.vn,dich-vu-toplist,1200000,2128,
baovinhlong.com.vn,baovinhlong.com.vn,booking-bao-pr,1160000,3422,done
baodienbienphu.vn,baodienbienphu.vn,booking-bao-pr,1120000,3423,done
angiangtv.vn,angiangtv.vn,booking-bao-pr,1120000,3424,issue:timeout-retry-later
baohungyen.vn,baohungyen.vn,booking-bao-pr,1120000,3425,done
daklak24h.com.vn,daklak24h.com.vn,booking-bao-pr,1100000,1685,done
kinhtethoidai.net,kinhtethoidai.net,booking-bao-pr,1100000,1686,done
hanghoathuonghieu.vn,hanghoathuonghieu.vn,booking-bao-pr,1000000,1687,done
tieudungtiepthi.vn,tieudungtiepthi.vn,booking-bao-pr,1000000,1688,done
phuthotoplist.com,phuthotoplist.com,guest-post,1000000,1801,
thanhhoatoplist.com,thanhhoatoplist.com,guest-post,1000000,1802,
quangnamtoplist.com,quangnamtoplist.com,guest-post,1000000,1803,
thaibinhtoplist.com,thaibinhtoplist.com,guest-post,1000000,1804,
binhduongtoplist.com,binhduongtoplist.com,guest-post,1000000,1805,
quangbinhtoplist.com,quangbinhtoplist.com,guest-post,1000000,1806,
dongnaitoplist.com,dongnaitoplist.com,guest-post,1000000,1807,
thanhpho.danang.vn,thanhpho.danang.vn,guest-post,1000000,1808,
huetoplist.vn,huetoplist.vn,guest-post,1000000,1809,
binhdinhtoplist.com,binhdinhtoplist.com,guest-post,1000000,1810,
haiphongtoplist.com,haiphongtoplist.com,guest-post,1000000,1811,
bacninhtoplist.com,bacninhtoplist.com,guest-post,1000000,1812,
quangninhtoplist.com,quangninhtoplist.com,guest-post,1000000,1813,
hatinhtoplist.com,hatinhtoplist.com,guest-post,1000000,1814,
tiengiangtoplist.vn,tiengiangtoplist.vn,guest-post,1000000,1815,
lamdongtoplist.com,lamdongtoplist.com,guest-post,1000000,1816,
ninhbinhtoplist.com,ninhbinhtoplist.com,guest-post,1000000,1817,
vinhlongtoplist.com,vinhlongtoplist.com,guest-post,1000000,1818,
haiduongtoplist.com,haiduongtoplist.com,guest-post,1000000,1819,
dongthaptoplist.com,dongthaptoplist.com,guest-post,1000000,1820,
hungyentoplist.com,hungyentoplist.com,guest-post,1000000,1821,
thucanh.vn,thucanh.vn,guest-post,1000000,1822,
hcmtoplist.com,hcmtoplist.com,guest-post,1000000,1793,
hanoitoplist.com,hanoitoplist.com,guest-post,1000000,1794,
top10danang.com,top10danang.com,guest-post,1000000,1795,
chonthuonghieu.com,chonthuonghieu.com,guest-post,1000000,1796,
danhgiasao.com,danhgiasao.com,guest-post,1000000,1797,
angiangtoplist.com,angiangtoplist.com,guest-post,1000000,1798,
bentretoplist.com,bentretoplist.com,guest-post,1000000,1799,
ngheantoplist.net,ngheantoplist.net,guest-post,1000000,1800,
baohatinh.vn,baohatinh.vn,booking-bao-pr,930000,3430,done
baophutho.vn,baophutho.vn,booking-bao-pr,930000,3431,done
khoahoccuocsong.com,khoahoccuocsong.com,booking-bao-pr,900000,1689,done
kichcaudulichtphcm.vn,kichcaudulichtphcm.vn,guest-post,800000,1854,
chuabaidinhninhbinh.vn,chuabaidinhninhbinh.vn,guest-post,800000,1860,
itoplist.vn,itoplist.vn,dich-vu-toplist,800000,1964,
thitruongngaynay.vn,thitruongngaynay.vn,booking-bao-pr,700000,1694,done
suckhoegiadinhvietnam.com,suckhoegiadinhvietnam.com,booking-bao-pr,700000,1695,done
thuonghieuphattrien.com,thuonghieuphattrien.com,booking-bao-pr,700000,1696,done
camnangsuckhoeso.net,camnangsuckhoeso.net,booking-bao-pr,700000,1697,done
bariavungtautourism.com.vn,bariavungtautourism.com.vn,guest-post,700000,2916,
duonggiahotel.vn,duonggiahotel.vn,guest-post,700000,2917,
dulichnhatban.net,dulichnhatban.net,guest-post,700000,2918,
inoxsaophuongnam.com,inoxsaophuongnam.com,guest-post,700000,2919,
casiostore.vn,casiostore.vn,guest-post,700000,2920,
betong.net.vn,betong.net.vn,guest-post,700000,2921,
taybaclaw.edu.vn,taybaclaw.edu.vn,guest-post,700000,2922,
chohaisanonline.vn,chohaisanonline.vn,guest-post,650000,3223,
tumbler.vn,tumbler.vn,guest-post,650000,3224,
vethan.vn,vethan.vn,guest-post,650000,3225,
uyenuong.net,uyenuong.net,guest-post,650000,3226,
thanhhamuongthanh.vn,thanhhamuongthanh.vn,guest-post,650000,3227,
nghienlamdep.vn,nghienlamdep.vn,guest-post,650000,3228,
actionenglish.vn,actionenglish.vn,guest-post,650000,3229,
mrsun.vn,mrsun.vn,guest-post,650000,3230,
tthnsk-dongnai.com.vn,tthnsk-dongnai.com.vn,guest-post,650000,3231,
trungtamtdtthanoi.com.vn,trungtamtdtthanoi.com.vn,guest-post,650000,3232,
cdctuyenquang.vn,cdctuyenquang.vn,guest-post,650000,3233,
giammomau.net.vn,giammomau.net.vn,guest-post,650000,3234,
topcomvespa.vn,topcomvespa.vn,guest-post,650000,3235,
vinhomescoloa.com.vn,vinhomescoloa.com.vn,guest-post,650000,3068,
seoulecohome.com.vn,seoulecohome.com.vn,guest-post,650000,3069,
mrfix.com.vn,mrfix.com.vn,guest-post,650000,3070,
loke.vn,loke.vn,guest-post,650000,3071,
thamtutamviet.vn,thamtutamviet.vn,guest-post,650000,3072,
agiare.vn,agiare.vn,guest-post,650000,3073,
namiso.vn,namiso.vn,guest-post,650000,3074,
thoxay.com.vn,thoxay.com.vn,guest-post,650000,3075,
ladipage.com.vn,ladipage.com.vn,guest-post,650000,3076,
chungcuhungthinhlinhdam.com.vn,chungcuhungthinhlinhdam.com.vn,guest-post,650000,3077,
dephonnua.com,dephonnua.com,guest-post,650000,3078,
vienmoitruong5014.org.vn,vienmoitruong5014.org.vn,guest-post,650000,3079,
niengrangthammy.com.vn,niengrangthammy.com.vn,guest-post,650000,3080,
doanhnhanphuonghoang.vn,doanhnhanphuonghoang.vn,guest-post,650000,3081,
hauthien.com,hauthien.com,guest-post,650000,3082,
trungtamytedian.com,trungtamytedian.com,guest-post,650000,3083,
countrygarden.vn,countrygarden.vn,guest-post,650000,3084,
thuongmaihanoi.edu.vn,thuongmaihanoi.edu.vn,guest-post,650000,3085,
hoangvietauto.vn,hoangvietauto.vn,guest-post,650000,3086,
adoreyou.vn,adoreyou.vn,guest-post,650000,3087,
serenavalleythanhlanh.vn,serenavalleythanhlanh.vn,guest-post,650000,3088,
vinfastgiatot.com.vn,vinfastgiatot.com.vn,guest-post,650000,3089,
gayviet.vn,gayviet.vn,guest-post,650000,3090,
spahub.vn,spahub.vn,guest-post,650000,3091,
gayleesinshop.vn,gayleesinshop.vn,guest-post,650000,3092,
enetviet.edu.vn,enetviet.edu.vn,guest-post,650000,3093,
sanbongdahca.com,sanbongdahca.com,guest-post,650000,3094,
top10binhduong.com.vn,top10binhduong.com.vn,guest-post,650000,3095,
duongbo.vn,duongbo.vn,guest-post,650000,3096,
kaina.vn,kaina.vn,guest-post,650000,3097,
shopchinhthuc.vn,shopchinhthuc.vn,guest-post,650000,3098,
ninhquynhcarvip.vn,ninhquynhcarvip.vn,guest-post,650000,3099,
hconnect.vn,hconnect.vn,guest-post,650000,3100,
mof.com.vn,mof.com.vn,guest-post,650000,3101,
brgrubytreegolf.vn,brgrubytreegolf.vn,guest-post,650000,3102,
onggiacali.vn,onggiacali.vn,guest-post,650000,3103,
susuhero.vn,susuhero.vn,guest-post,650000,3104,
namhocsg.com,namhocsg.com,guest-post,650000,3105,
colkidsclub.vn,colkidsclub.vn,guest-post,650000,3106,
thuantiengialai.com.vn,thuantiengialai.com.vn,guest-post,650000,3107,
hoaquaxanh.vn,hoaquaxanh.vn,guest-post,650000,3108,
bepbungbu.vn,bepbungbu.vn,guest-post,650000,3109,
ironman.vn,ironman.vn,guest-post,650000,3110,
mmagym.vn,mmagym.vn,guest-post,650000,3111,
mitsuphuongnguyen.vn,mitsuphuongnguyen.vn,guest-post,650000,3112,
top10quangnam.vn,top10quangnam.vn,guest-post,650000,3113,
thangcanh.vn,thangcanh.vn,guest-post,650000,3114,
thketdoan.edu.vn,thketdoan.edu.vn,guest-post,650000,3115,
cuanhuanamwindows.com,cuanhuanamwindows.com,guest-post,650000,3116,
hocvientoc.net,hocvientoc.net,guest-post,650000,3117,
banchungcumini.vn,banchungcumini.vn,guest-post,650000,3118,
bosch-hanoi.com.vn,bosch-hanoi.com.vn,guest-post,650000,3119,
my7up.vn,my7up.vn,guest-post,650000,3120,
nghienpickleball.com,nghienpickleball.com,guest-post,650000,3121,
thuoc365.com.vn,thuoc365.com.vn,guest-post,650000,3122,
thietkemyb.com.vn,thietkemyb.com.vn,guest-post,650000,3123,
chonongsankhanhhoa.vn,chonongsankhanhhoa.vn,guest-post,650000,3124,
glutawhite.vn,glutawhite.vn,guest-post,650000,3125,
manta.edu.vn,manta.edu.vn,guest-post,650000,3126,
sacojet.vn,sacojet.vn,guest-post,650000,3127,
royalbuffet.vn,royalbuffet.vn,guest-post,650000,3128,
royaltea.com.vn,royaltea.com.vn,guest-post,650000,3129,
huyendoannongson.vn,huyendoannongson.vn,guest-post,650000,3130,
dichbiensoxe.online,dichbiensoxe.online,guest-post,650000,3131,
pvhttnt.vn,pvhttnt.vn,guest-post,650000,3132,
memedaily.vn,memedaily.vn,guest-post,650000,3133,
inail.vn,inail.vn,guest-post,650000,3134,
bhfood.vn,bhfood.vn,guest-post,650000,3135,
trinhsongphuc.com,trinhsongphuc.com,guest-post,650000,3136,
up.pens.com.vn,up.pens.com.vn,guest-post,650000,3137,
mamcungviet.com.vn,mamcungviet.com.vn,guest-post,650000,3138,
animestore.vn,animestore.vn,guest-post,650000,3139,
kilu.vn,kilu.vn,guest-post,650000,3140,
tarzanspa.com.vn,tarzanspa.com.vn,guest-post,650000,3141,
vsf.org.vn,vsf.org.vn,guest-post,650000,3142,
gart.vn,gart.vn,guest-post,650000,3143,
hocgiday.vn,hocgiday.vn,guest-post,650000,3144,
marina-club.com.vn,marina-club.com.vn,guest-post,650000,3145,
top10binhthuan.vn,top10binhthuan.vn,guest-post,650000,3146,
tamnhinrong.org,tamnhinrong.org,guest-post,650000,3147,
toclayer.net,toclayer.net,guest-post,650000,3148,
udicwestlake.com.vn,udicwestlake.com.vn,guest-post,650000,3149,
banawa.com.vn,banawa.com.vn,guest-post,650000,3150,
parkcityhanoi.vn,parkcityhanoi.vn,guest-post,650000,3151,
nhahangminhkhue.com,nhahangminhkhue.com,guest-post,650000,3152,
parkriversides.vn,parkriversides.vn,guest-post,650000,3153,
bunbothoda.com.vn,bunbothoda.com.vn,guest-post,650000,3154,
top10camau.vn,top10camau.vn,guest-post,650000,3155,
thethaophunhuan.com.vn,thethaophunhuan.com.vn,guest-post,650000,3156,
mitsubishi-isamco.com.vn,mitsubishi-isamco.com.vn,guest-post,650000,3157,
toptonghop.com,toptonghop.com,guest-post,650000,3158,
appwe.vn,appwe.vn,guest-post,650000,3159,
vietnamtuoidep.net,vietnamtuoidep.net,guest-post,650000,3160,
khuvuichoitreem.com.vn,khuvuichoitreem.com.vn,guest-post,650000,3161,
caymotuthan.vn,caymotuthan.vn,guest-post,650000,3162,
vietnamtop10.net,vietnamtop10.net,guest-post,650000,3163,
phongvuarc.com,phongvuarc.com,guest-post,650000,3164,
goldencentercity.vn,goldencentercity.vn,guest-post,650000,3165,
duchenangngoaitroi.net,duchenangngoaitroi.net,guest-post,650000,3166,
lmhoptacxatthue.com.vn,lmhoptacxatthue.com.vn,guest-post,650000,3167,
leminhhoang.vn,leminhhoang.vn,guest-post,650000,3168,
homeproshop.vn,homeproshop.vn,guest-post,650000,3169,
batdongsan49.vn,batdongsan49.vn,guest-post,650000,3170,
thoiviet.com.vn,thoiviet.com.vn,guest-post,650000,3171,
saigonbanme.vn,saigonbanme.vn,guest-post,650000,3172,
chamsua.vn,chamsua.vn,guest-post,650000,3173,
zeldabeauty.com,zeldabeauty.com,guest-post,650000,3174,
leetureview.com,leetureview.com,guest-post,650000,3175,
chienthanky.vn,chienthanky.vn,guest-post,650000,3176,
algopro.vn,algopro.vn,guest-post,650000,3177,
giaxemoto.com.vn,giaxemoto.com.vn,guest-post,650000,3178,
faceart.vn,faceart.vn,guest-post,650000,3179,
shoplove.vn,shoplove.vn,guest-post,650000,3180,
nhakhoadongnama.vn,nhakhoadongnama.vn,guest-post,650000,3181,
hoiquanfreefire.com,hoiquanfreefire.com,guest-post,650000,3182,
docsachvituonglai.vn,docsachvituonglai.vn,guest-post,650000,3183,
vinagiasu.vn,vinagiasu.vn,guest-post,650000,3184,
tramhuongangiabao.com.vn,tramhuongangiabao.com.vn,guest-post,650000,3185,
onehubsaigon.com.vn,onehubsaigon.com.vn,guest-post,650000,3186,
peugeot-binhduong.vn,peugeot-binhduong.vn,guest-post,650000,3187,
sachvui.com.vn,sachvui.com.vn,guest-post,650000,3188,
dotary.vn,dotary.vn,guest-post,650000,3189,
toluavietnam.net,toluavietnam.net,guest-post,650000,3190,
suaxemaytainha.com,suaxemaytainha.com,guest-post,650000,3191,
cayxangganday.net,cayxangganday.net,guest-post,650000,3192,
tatwood.vn,tatwood.vn,guest-post,650000,3193,
aocuoimoc.vn,aocuoimoc.vn,guest-post,650000,3194,
nhalocphat.vn,nhalocphat.vn,guest-post,650000,3195,
aothungame.vn,aothungame.vn,guest-post,650000,3196,
honghala.com,honghala.com,guest-post,650000,3197,
hapodecor.vn,hapodecor.vn,guest-post,650000,3198,
sankhaukichquocthao.vn,sankhaukichquocthao.vn,guest-post,650000,3199,
giaidap.com.vn,giaidap.com.vn,guest-post,650000,3200,
oppostyle.vn,oppostyle.vn,guest-post,650000,3201,
thodiadongthap.vn,thodiadongthap.vn,guest-post,650000,3202,
matbachhoa.vn,matbachhoa.vn,guest-post,650000,3203,
internetcapquang.net,internetcapquang.net,guest-post,650000,3204,
minhchautattoo.vn,minhchautattoo.vn,guest-post,650000,3205,
cadasa.vn,cadasa.vn,guest-post,650000,3206,
likevape.vn,likevape.vn,guest-post,650000,3207,
sanbonglathanh.com,sanbonglathanh.com,guest-post,650000,3208,
nhanghiganday.vn,nhanghiganday.vn,guest-post,650000,3209,
khafa.org.vn,khafa.org.vn,guest-post,650000,3210,
venusmotorbike.vn,venusmotorbike.vn,guest-post,650000,3211,
magiamgia247.vn,magiamgia247.vn,guest-post,650000,3212,
mitsubishi-longbien.com.vn,mitsubishi-longbien.com.vn,guest-post,650000,3213,
fixi.vn,fixi.vn,guest-post,650000,3214,
kevinlebeautygroup.com,kevinlebeautygroup.com,guest-post,650000,3215,
sacdep.net.vn,sacdep.net.vn,guest-post,650000,3216,
78store.vn,78store.vn,guest-post,650000,3217,
top10binhphuoc.vn,top10binhphuoc.vn,guest-post,650000,3218,
cacanhnho.com,cacanhnho.com,guest-post,650000,3219,
thalongbinh.edu.vn,thalongbinh.edu.vn,guest-post,650000,3220,
aothundepsg.com,aothundepsg.com,guest-post,650000,3221,
sanbongdamhong2.com,sanbongdamhong2.com,guest-post,650000,3222,
tuoitrebariavungtau.vn,tuoitrebariavungtau.vn,guest-post,650000,2923,
vugiaphat.vn,vugiaphat.vn,guest-post,650000,2924,
luatdainam.vn,luatdainam.vn,guest-post,650000,2925,
thethaophutho.vn,thethaophutho.vn,guest-post,650000,2926,
chungcumuongthanh.net.vn,chungcumuongthanh.net.vn,guest-post,650000,2927,
grande.edu.vn,grande.edu.vn,guest-post,650000,2928,
expresslaundry.com.vn,expresslaundry.com.vn,guest-post,650000,2929,
primaart.vn,primaart.vn,guest-post,650000,2930,
hanoiparagon.vn,hanoiparagon.vn,guest-post,650000,2931,
hoivietnamduc.vn,hoivietnamduc.vn,guest-post,650000,2932,
suaxedapdientainha.net,suaxedapdientainha.net,guest-post,650000,2933,
dangkiem5006v.com.vn,dangkiem5006v.com.vn,guest-post,650000,2934,
vacpa.edu.vn,vacpa.edu.vn,guest-post,650000,2935,
nguyenhien.edu.vn,nguyenhien.edu.vn,guest-post,650000,2936,
dacnguyen.vn,dacnguyen.vn,guest-post,650000,2937,
hoangtrieu.vn,hoangtrieu.vn,guest-post,650000,2938,
hongngu3.edu.vn,hongngu3.edu.vn,guest-post,650000,2939,
golist.vn,golist.vn,guest-post,650000,2940,
hiephoixedien.com,hiephoixedien.com,guest-post,650000,2941,
hanhcafe.vn,hanhcafe.vn,guest-post,650000,2942,
anhsang.edu.vn,anhsang.edu.vn,guest-post,650000,2943,
daotaoquoctedhxd.edu.vn,daotaoquoctedhxd.edu.vn,guest-post,650000,2944,
otothongphat.vn,otothongphat.vn,guest-post,650000,2945,
karaoke.info.vn,karaoke.info.vn,guest-post,650000,2946,
shophagamingff.com,shophagamingff.com,guest-post,650000,2947,
cozabebe.vn,cozabebe.vn,guest-post,650000,2948,
congdonglamdep.vn,congdonglamdep.vn,guest-post,650000,2949,
banvatlieuxaydung.net,banvatlieuxaydung.net,guest-post,650000,2950,
icccftu.vn,icccftu.vn,guest-post,650000,2951,
vivuxuyenviet.net,vivuxuyenviet.net,guest-post,650000,2952,
cozyvietnamtravel.vn,cozyvietnamtravel.vn,guest-post,650000,2953,
trinhvantuyen.com,trinhvantuyen.com,guest-post,650000,2954,
nhahangphuongnam.vn,nhahangphuongnam.vn,guest-post,650000,2955,
hoala.vn,hoala.vn,guest-post,650000,2956,
gionghatvietnhi.com.vn,gionghatvietnhi.com.vn,guest-post,650000,2957,
vienhoahocvatlieu.com.vn,vienhoahocvatlieu.com.vn,guest-post,650000,2958,
blog.swio.vn,blog.swio.vn,guest-post,650000,2959,
tsfu.vn,tsfu.vn,guest-post,650000,2960,
songsachfood.com,songsachfood.com,guest-post,650000,2961,
biochain.vn,biochain.vn,guest-post,650000,2962,
fastenglish.edu.vn,fastenglish.edu.vn,guest-post,650000,2963,
suoinguontinhthuong.vn,suoinguontinhthuong.vn,guest-post,650000,2964,
taxitayninh.com.vn,taxitayninh.com.vn,guest-post,650000,2965,
vatnuoi.vn,vatnuoi.vn,guest-post,650000,2966,
kyty.vn,kyty.vn,guest-post,650000,2967,
cafeganday.com,cafeganday.com,guest-post,650000,2968,
skinary.vn,skinary.vn,guest-post,650000,2969,
pilotco3.com.vn,pilotco3.com.vn,guest-post,650000,2970,
giovangthethao.vn,giovangthethao.vn,guest-post,650000,2971,
trangtrinoel.vn,trangtrinoel.vn,guest-post,650000,2972,
muinetourism.vn,muinetourism.vn,guest-post,650000,2973,
hdgoffice.vn,hdgoffice.vn,guest-post,650000,2974,
tradadi.vn,tradadi.vn,guest-post,650000,2975,
nhahangganday.vn,nhahangganday.vn,guest-post,650000,2976,
hytcc.org.vn,hytcc.org.vn,guest-post,650000,2977,
hoatrangnguyen.com.vn,hoatrangnguyen.com.vn,guest-post,650000,2978,
himlamresort.vn,himlamresort.vn,guest-post,650000,2979,
batterydown.vn,batterydown.vn,guest-post,650000,2980,
luxtoy.vn,luxtoy.vn,guest-post,650000,2981,
greenedu.vn,greenedu.vn,guest-post,650000,2982,
sanvinest.vn,sanvinest.vn,guest-post,650000,2983,
cuoixastress.com,cuoixastress.com,guest-post,650000,2984,
baovexuongkhop.vn,baovexuongkhop.vn,guest-post,650000,2985,
ambalgvn.org.vn,ambalgvn.org.vn,guest-post,650000,2986,
atmganday.net,atmganday.net,guest-post,650000,2987,
nano-ceramic.vn,nano-ceramic.vn,guest-post,650000,2988,
congdoanvienchucvn.org.vn,congdoanvienchucvn.org.vn,guest-post,650000,2989,
vuonlan.com.vn,vuonlan.com.vn,guest-post,650000,2990,
thanhyenland.vn,thanhyenland.vn,guest-post,650000,2991,
phuot247.vn,phuot247.vn,guest-post,650000,2992,
mamnonabc.vn,mamnonabc.vn,guest-post,650000,2993,
quannetganday.com,quannetganday.com,guest-post,650000,2994,
shopcenaff.vn,shopcenaff.vn,guest-post,650000,2995,
sanbongchaolua.com,sanbongchaolua.com,guest-post,650000,2996,
parami.vn,parami.vn,guest-post,650000,2997,
customcat.vn,customcat.vn,guest-post,650000,2998,
pud.edu.vn,pud.edu.vn,guest-post,650000,2999,
chocanh.vn,chocanh.vn,guest-post,650000,3000,
trungtamytengabay.vn,trungtamytengabay.vn,guest-post,650000,3001,
kenkoshop.vn,kenkoshop.vn,guest-post,650000,3002,
chickenla-e.vn,chickenla-e.vn,guest-post,650000,3003,
lananhdalathotel.vn,lananhdalathotel.vn,guest-post,650000,3004,
chichiemem.vn,chichiemem.vn,guest-post,650000,3005,
crexport.vn,crexport.vn,guest-post,650000,3006,
ximangcantho.vn,ximangcantho.vn,guest-post,650000,3007,
sewow.vn,sewow.vn,guest-post,650000,3008,
haquangtv.vn,haquangtv.vn,guest-post,650000,3009,
sabudo.vn,sabudo.vn,guest-post,650000,3010,
manayi.vn,manayi.vn,guest-post,650000,3011,
taxibinhan.vn,taxibinhan.vn,guest-post,650000,3012,
hieugoogle.vn,hieugoogle.vn,guest-post,650000,3013,
questekvietnam.vn,questekvietnam.vn,guest-post,650000,3014,
phukhoaanviet.com,phukhoaanviet.com,guest-post,650000,3015,
mymyshoes.vn,mymyshoes.vn,guest-post,650000,3016,
betongtuoi.net.vn,betongtuoi.net.vn,guest-post,650000,3017,
besti.vn,besti.vn,guest-post,650000,3018,
familyfruits.com.vn,familyfruits.com.vn,guest-post,650000,3019,
mcstore.vn,mcstore.vn,guest-post,650000,3020,
phapluatmoitruong.vn,phapluatmoitruong.vn,guest-post,650000,3021,
sigmabooks.vn,sigmabooks.vn,guest-post,650000,3022,
bvtkontum.com.vn,bvtkontum.com.vn,guest-post,650000,3023,
sotaykhoedep.vn,sotaykhoedep.vn,guest-post,650000,3024,
opal-cityview.vn,opal-cityview.vn,guest-post,650000,3025,
kiddo.vn,kiddo.vn,guest-post,650000,3026,
cdchaugiang.org.vn,cdchaugiang.org.vn,guest-post,650000,3027,
vibehandmade.vn,vibehandmade.vn,guest-post,650000,3028,
hilaw.vn,hilaw.vn,guest-post,650000,3029,
top10quangngai.vn,top10quangngai.vn,guest-post,650000,3030,
24hexpress.vn,24hexpress.vn,guest-post,650000,3031,
xedienmanhphat.com,xedienmanhphat.com,guest-post,650000,3032,
cohousing.vn,cohousing.vn,guest-post,650000,3033,
dayhocchudong.com,dayhocchudong.com,guest-post,650000,3034,
banobagi.com.vn,banobagi.com.vn,guest-post,650000,3035,
pgdtpnamdinh.edu.vn,pgdtpnamdinh.edu.vn,guest-post,650000,3036,
xaydung.edu.vn,xaydung.edu.vn,guest-post,650000,3037,
bunsongthan.vn,bunsongthan.vn,guest-post,650000,3038,
dichvu3gmobifone.vn,dichvu3gmobifone.vn,guest-post,650000,3039,
avinowines.vn,avinowines.vn,guest-post,650000,3040,
f0.phutho.vn,f0.phutho.vn,guest-post,650000,3041,
kiemlamthuathienhue.org.vn,kiemlamthuathienhue.org.vn,guest-post,650000,3042,
conversestore.vn,conversestore.vn,guest-post,650000,3043,
maiacademy.vn,maiacademy.vn,guest-post,650000,3044,
daituongquan.vn,daituongquan.vn,guest-post,650000,3045,
tocotocotanan.com,tocotocotanan.com,guest-post,650000,3046,
hoadanang.com.vn,hoadanang.com.vn,guest-post,650000,3047,
dulichbinhphuoc.vn,dulichbinhphuoc.vn,guest-post,650000,3048,
ykhoabacsaigon.vn,ykhoabacsaigon.vn,guest-post,650000,3049,
dienlanhdh.com,dienlanhdh.com,guest-post,650000,3050,
kamiidphoto.vn,kamiidphoto.vn,guest-post,650000,3051,
onghutcobang.vn,onghutcobang.vn,guest-post,650000,3052,
monngondongian.com,monngondongian.com,guest-post,650000,3053,
onesteak.vn,onesteak.vn,guest-post,650000,3054,
cuuhoxemayhanoi.vn,cuuhoxemayhanoi.vn,guest-post,650000,3055,
daihocluathn.edu.vn,daihocluathn.edu.vn,guest-post,650000,3056,
slidez.vn,slidez.vn,guest-post,650000,3057,
mtcup.com.vn,mtcup.com.vn,guest-post,650000,3058,
familyflower.vn,familyflower.vn,guest-post,650000,3059,
phongthuytaitam.vn,phongthuytaitam.vn,guest-post,650000,3060,
pinxedapdien.com.vn,pinxedapdien.com.vn,guest-post,650000,3061,
longthanhcentralpoint.vn,longthanhcentralpoint.vn,guest-post,650000,3062,
dongphucdaiphat.com,dongphucdaiphat.com,guest-post,650000,3063,
mercedess-benz.com.vn,mercedess-benz.com.vn,guest-post,650000,3064,
khudothivinhomes.com.vn,khudothivinhomes.com.vn,guest-post,650000,3065,
chuthapdoquangninh.org.vn,chuthapdoquangninh.org.vn,guest-post,650000,3066,
hnsland.vn,hnsland.vn,guest-post,650000,3067,
dulichhatinh.com.vn,dulichhatinh.com.vn,guest-post,600000,3236,
dulichsontra.com,dulichsontra.com,guest-post,600000,3237,
fpthcm.com.vn,fpthcm.com.vn,guest-post,600000,3238,
motorstore.vn,motorstore.vn,guest-post,600000,3239,
zhongruan.edu.vn,zhongruan.edu.vn,guest-post,600000,3240,
kimbien.com.vn,kimbien.com.vn,guest-post,600000,3241,
thuviendohoa.vn,thuviendohoa.vn,guest-post,600000,3242,
qtc.vn,qtc.vn,guest-post,600000,3243,
tienphatjsc.vn,tienphatjsc.vn,guest-post,600000,3244,
tuongda.com.vn,tuongda.com.vn,guest-post,600000,3245,
tainguyenvamoitruong.com.vn,tainguyenvamoitruong.com.vn,guest-post,600000,3246,
timbatdongsan.vn,timbatdongsan.vn,guest-post,600000,3247,
maiche.vn,maiche.vn,guest-post,600000,3248,
dtec.edu.vn,dtec.edu.vn,guest-post,600000,3249,
sanvatphuongnam.vn,sanvatphuongnam.vn,guest-post,600000,3250,
muaphelieusg.com,muaphelieusg.com,guest-post,600000,3251,
vuongquoctranh.com,vuongquoctranh.com,guest-post,600000,3252,
suaxemay24h.com,suaxemay24h.com,guest-post,600000,3253,
diadiemthanhhoa.com,diadiemthanhhoa.com,guest-post,600000,3254,
amthuc10phut.vn,amthuc10phut.vn,guest-post,600000,3255,
hsdvn.com.vn,hsdvn.com.vn,guest-post,600000,3256,
vangduymong.com,vangduymong.com,guest-post,600000,3257,
remnhuanganlanh.vn,remnhuanganlanh.vn,guest-post,600000,3258,
xaynhadep.com.vn,xaynhadep.com.vn,guest-post,600000,3259,
nhathuoctaman.net,nhathuoctaman.net,guest-post,600000,3260,
linhkienhanoi.com,linhkienhanoi.com,guest-post,600000,3261,
trangphucchothue.vn,trangphucchothue.vn,guest-post,600000,3262,
netup.vn,netup.vn,guest-post,600000,3263,
kame.vn,kame.vn,guest-post,600000,3264,
bkcare.vn,bkcare.vn,guest-post,600000,3265,
warrantek.vn,warrantek.vn,guest-post,600000,3266,
tonlaysangsata.com.vn,tonlaysangsata.com.vn,guest-post,600000,3267,
vangkimchung.net,vangkimchung.net,guest-post,600000,3268,
tuvitrondoi.vn,tuvitrondoi.vn,guest-post,600000,3269,
banptktcn-ninhbinh.vn,banptktcn-ninhbinh.vn,guest-post,600000,3270,
dntbinhduong.org.vn,dntbinhduong.org.vn,guest-post,600000,3271,
hachikopetshop.vn,hachikopetshop.vn,guest-post,600000,3272,
handymandecor.com,handymandecor.com,guest-post,600000,3273,
huongnghiep.com.vn,huongnghiep.com.vn,guest-post,600000,3274,
recerd.org.vn,recerd.org.vn,guest-post,600000,3275,
vesinhdanang.net,vesinhdanang.net,guest-post,600000,3276,
vietpost.com.vn,vietpost.com.vn,guest-post,600000,3277,
officeforrent.com.vn,officeforrent.com.vn,guest-post,600000,3278,
caycongtrinh24h.vn,caycongtrinh24h.vn,guest-post,600000,3279,
suaxeluudong.vn,suaxeluudong.vn,guest-post,600000,3280,
thutucxuatnhapkhau.net,thutucxuatnhapkhau.net,guest-post,600000,3281,
kientrucmaigia.vn,kientrucmaigia.vn,guest-post,600000,3282,
mende.vn,mende.vn,guest-post,600000,3283,
thegioimatkinh.com.vn,thegioimatkinh.com.vn,guest-post,600000,3284,
vetranhtuongviet.vn,vetranhtuongviet.vn,guest-post,600000,3285,
hse.org.vn,hse.org.vn,guest-post,600000,3286,
bocxepmiennam.vn,bocxepmiennam.vn,guest-post,600000,3287,
3dsmax.com.vn,3dsmax.com.vn,guest-post,600000,3288,
luatthanhthai.vn,luatthanhthai.vn,guest-post,600000,3289,
peonyhome.com.vn,peonyhome.com.vn,guest-post,600000,3290,
khomaucnc.com.vn,khomaucnc.com.vn,guest-post,600000,3291,
suadogotainha.com.vn,suadogotainha.com.vn,guest-post,600000,3292,
lamhochieu.net,lamhochieu.net,guest-post,600000,3293,
doxeshchuyennghiep.vn,doxeshchuyennghiep.vn,guest-post,600000,3294,
gachmenthanhtung.vn,gachmenthanhtung.vn,guest-post,600000,3295,
suavalitainha.com,suavalitainha.com,guest-post,600000,3296,
baobihoatrung.com.vn,baobihoatrung.com.vn,guest-post,600000,3297,
suadiennuoctainha.com.vn,suadiennuoctainha.com.vn,guest-post,600000,3298,
dichvusonnha.vn,dichvusonnha.vn,guest-post,600000,3299,
dds.com.vn,dds.com.vn,guest-post,600000,3300,
tinhocduykhang.com,tinhocduykhang.com,guest-post,600000,3301,
khoancatbetonggiare.vn,khoancatbetonggiare.vn,guest-post,600000,3302,
thuexemay.com.vn,thuexemay.com.vn,guest-post,600000,3303,
cuuhoxe.vn,cuuhoxe.vn,guest-post,600000,3304,
inmienbac.com.vn,inmienbac.com.vn,guest-post,600000,3305,
fjn.vn,fjn.vn,guest-post,600000,3306,
gearbest.net,gearbest.net,guest-post,600000,3307,
megaacademy.edu.vn,megaacademy.edu.vn,guest-post,600000,3308,
topone.edu.vn,topone.edu.vn,guest-post,600000,3309,
suaxedung.com,suaxedung.com,guest-post,600000,3310,
bomotnanggialai.vn,bomotnanggialai.vn,guest-post,600000,3311,
gemstech.com.vn,gemstech.com.vn,guest-post,600000,3312,
unikmart.com.vn,unikmart.com.vn,guest-post,600000,3313,
thuanphat.edu.vn,thuanphat.edu.vn,guest-post,600000,3314,
qta.org.vn,qta.org.vn,guest-post,500000,3315,
nhahangbachkim.com,nhahangbachkim.com,guest-post,500000,1884,
arcencielhotel.com.vn,arcencielhotel.com.vn,guest-post,400000,3316,
nhahangbachkim.com.vn,nhahangbachkim.com.vn,guest-post,400000,2704,
hotelnikkohanoi.com.vn,hotelnikkohanoi.com.vn,guest-post,300000,3317,
suoiluong.com.vn,suoiluong.com.vn,guest-post,300000,3318,
bietdienhotel.com.vn,bietdienhotel.com.vn,guest-post,300000,3319,
toplistviet.org,toplistviet.org,dich-vu-toplist,240000,1970,
